ep,which_goal,steps_accum,reward,loss,diff,raw_input_action_x,raw_input_action_y,assisted_action_x,assisted_action_y,gamma
1,,1,2.917337583086801,0.7410743832588196,1.0146493,0.0,0.0,-0.5069063,0.87895346,0.6
1,,2,5.981803300370556,1.0941182374954224,0.84404397,0.0,0.0,-0.016663037,0.84387946,0.6
1,,3,12.813534683408243,1.2646605968475342,0.9712425,0.0,0.0,0.28527594,0.92840165,0.6
1,,4,47.329290667145095,1.2904919385910034,1.006704,0.0,0.0,0.35580623,0.9417297,0.6
1,,5,65.9087612390318,1.1306424140930176,1.0799568,0.0,0.0,0.619732,0.88444275,0.6
1,,6,74.27018497980713,0.6619923114776611,0.897228,0.0,0.0,0.41215968,0.79695827,0.6
1,,7,89.39344994795324,0.7112963199615479,0.6739623,0.0,0.0,-0.08768691,0.66823363,0.6
1,,8,98.24792745421111,1.0199244022369385,0.75745296,0.0,0.0,-0.062083263,0.7549044,0.6
1,,9,100.10215445647745,1.599881887435913,0.13129976,0.0,0.0,-0.064719126,0.11424124,0.6
1,,10,100.21614976555472,0.23252171277999878,0.12322833,0.0,0.0,-0.08141054,-0.09250699,0.6
1,,11,100.01475891086879,0.6664875745773315,0.27599105,0.0,0.0,0.23995365,-0.13635726,0.6
1,,12,100.21199631935875,0.8438906669616699,0.20232007,0.0,0.0,-0.16890417,-0.11137678,0.6
1,,13,100.21698667346037,0.7404621243476868,0.048413448,0.0,0.0,0.004337119,-0.048218787,0.6
1,,14,100.36219334372646,0.3754485845565796,0.03193772,0.0,0.0,-0.026580699,0.017705485,0.6
1,,15,100.41112580964578,0.5602495074272156,0.08311728,0.0,0.0,-0.03500805,-0.07538513,0.6
1,,16,103.73459588223778,1.2836461067199707,0.3190527,-0.12692648,0.0,-0.02752791,0.3031741,0.6
1,,17,103.62943602532633,1.2199838161468506,0.37771985,-0.0,0.0,0.0006371774,-0.3777193,0.6
1,,18,106.57181342978119,0.5024520754814148,0.31092763,-0.0,0.0,-0.120059565,0.286813,0.6
1,,19,106.53296224483577,0.5503724813461304,0.3199909,-0.0,0.0,-0.02503886,-0.31900978,0.6
1,,20,107.9785422675857,0.36574459075927734,0.16551752,-0.0,0.0,-0.022795118,0.16394034,0.6
1,,21,108.68516339613177,0.5972011089324951,0.56600624,-0.5424055,0.0,0.022176526,0.040127724,0.6
1,,22,109.77629273212082,0.7496974468231201,1.0704979,-0.0,-1.0000305,0.043523476,0.06958218,0.6
1,,23,109.6547214225793,1.672917366027832,0.765689,-0.0,-1.0000305,0.13789803,-0.24686131,0.6
1,,24,111.44369669190588,0.6542656421661377,1.1676971,-0.0,-1.0000305,0.011604879,0.16760881,0.6
1,,25,111.30092499172795,0.66757732629776,0.7426176,-0.0,-1.0000305,-0.22744538,-0.29310086,0.6
1,,26,111.44397797633202,0.8223769664764404,1.0463005,-0.0,-1.0000305,-0.051182106,0.045017455,0.6
1,,27,114.35276837786073,1.3835071325302124,1.242292,-0.0,-1.0000305,0.02722208,0.24196328,0.6
1,,28,114.13204201406519,1.0448628664016724,1.2954142,-0.0,1.0,-0.09379728,-0.29201397,0.6
1,,29,116.32570120516833,3.208975076675415,0.74412125,-0.0,1.0,0.0017403141,0.25588077,0.6
1,,30,116.39810554958754,0.8239789009094238,1.1640226,-0.0,1.0,0.041040037,-0.16329885,0.6
1,,31,117.63713939656996,1.147390365600586,1.4464926,0.96063113,-1.0000305,0.03873174,0.114618406,0.6
1,,32,117.92059567938293,0.6885685920715332,1.413641,1.0000305,-1.0000305,0.007955659,0.0070286784,0.6
1,,33,117.71986951519897,0.8995761871337891,1.6708219,1.0000305,1.0,-0.09267391,-0.26397902,0.6
1,,34,121.1939482451001,0.8382067084312439,1.2986635,-0.0,-1.0000305,0.14748764,0.2902308,0.6
1,,35,121.04833732829535,0.25474295020103455,1.1280006,-1.0,-1.0000305,-0.066540524,-0.36675426,0.6
1,,36,121.09175410194138,2.3125534057617188,0.8917798,-0.0,-1.0000305,-0.06710806,-0.11077932,0.6
1,,37,118.67508673531286,1.7206342220306396,2.0415452,1.0000305,1.0,-0.15074562,-0.686304,0.6
1,,38,125.46922937275006,1.79838228225708,1.9203664,-0.0,-1.0000305,0.27474427,0.90058064,0.6
1,,39,130.49419038667344,0.9265329837799072,1.3458843,-0.0,-1.0000305,-0.014316129,0.34577763,0.6
1,,40,130.36346295687372,1.9823460578918457,0.8524541,-0.0,-1.0000305,0.024776516,-0.14793654,0.6
1,,41,132.5797300593219,1.1589148044586182,1.1824886,-0.0,-1.0000305,-0.0003720182,0.18245795,0.6
1,,42,132.48356789778757,0.46825796365737915,1.6775715,1.0000305,1.0,-0.060247783,-0.30002156,0.6
1,,43,134.8016466199892,0.7044442296028137,1.2134305,-0.0,-1.0000305,0.10066191,0.20921755,0.6
1,,44,135.1416086517765,1.8417983055114746,0.99917346,-0.0,-1.0000305,0.002809655,-0.0008609947,0.6
1,,45,134.99823409486697,0.6270760297775269,0.86231637,0.23938718,-1.0000305,-0.019840468,-0.17760088,0.6
1,,46,138.19023493330312,1.0351510047912598,0.9108651,0.9535508,0.50144964,0.06992347,0.28036597,0.6
1,,47,138.3185578239611,0.8592568039894104,1.2395133,0.8992889,-0.77520066,-0.088495836,-0.026418686,0.6
1,,48,138.6333958257316,3.8127636909484863,1.0912937,0.99218726,0.6265755,0.05970656,0.059652507,0.6
1,,49,138.7835654294318,0.6525514721870422,0.6817519,-0.0,-1.0000305,-0.12671411,-0.33015803,0.6
1,,50,138.72738331876144,1.4805816411972046,0.74818903,-0.0,-1.0000305,-0.060814045,-0.2543171,0.6
1,,51,138.62207440274045,0.43145275115966797,0.46164578,-0.0,-0.5484176,0.06737148,-0.091714315,0.6
1,,52,143.49628404602103,2.4769794940948486,0.89818525,0.9690237,0.29227576,0.08409828,0.4460408,0.6
1,,53,143.31696598420538,1.6913312673568726,0.79459816,0.32508317,-1.0000305,-0.37812564,-0.6300526,0.6
1,,54,154.78515013301472,0.8731923699378967,1.5913926,-0.0,-1.0000305,0.11623224,0.58711165,0.6
1,,55,154.35664887974355,1.7126246690750122,1.0471281,-0.0,-1.0000305,0.4456735,-0.052479826,0.6
1,,56,154.23637585379203,1.5974359512329102,0.8909083,-0.0,-1.0000305,-0.3900828,-0.19906041,0.6
1,,57,158.38240251816265,0.8547201156616211,1.6417304,-0.0,-1.0000305,0.14320272,0.6354424,0.6
1,,58,158.4625586450325,1.7428004741668701,0.7517393,-0.0,-1.0000305,-0.35133553,-0.33544382,0.6
1,,59,169.34229841087725,2.4933040142059326,2.05181,-1.0,-1.0000305,0.32594436,0.5657908,0.6
1,,60,169.29315814563958,0.5606740117073059,0.8696326,-0.25647756,-1.0000305,-0.060478993,-0.15277295,0.6
1,,61,169.87547381158097,2.343341827392578,1.1959258,-0.0,-1.0000305,0.1021371,0.19152582,0.6
1,1.0,62,370.29322668266786,0.7262757420539856,1.3422729,-0.0,-1.0000305,0.16106153,0.33254427,0.6
2,,1,7.096629281398274,0.7089784145355225,1.9878147,-0.0,-1.0000305,-0.7530262,0.83963215,0.6
2,,2,22.572992560541365,0.7494337558746338,2.0133696,-0.0,-1.0000305,0.6406801,0.9086825,0.6
2,,3,31.543317837130953,0.1988697648048401,1.3583617,-0.0,-1.0000305,0.9183662,0.0008441508,0.6
2,,4,37.36606201184845,0.9370226263999939,0.7101338,0.393231,0.5112461,1.040768,0.21972282,0.6
2,,5,45.094764630714124,1.5996646881103516,1.9013927,-0.0,-1.0000305,0.17544349,0.8932507,0.6
2,,6,66.29700616973649,0.7276175022125244,2.3686805,-0.0,-1.0000305,-1.139767,1.0764036,0.6
2,,7,76.97984504529695,0.8994221091270447,1.8973194,-0.0,-1.0000305,-0.15843944,0.890662,0.6
2,,8,85.48427457639698,1.8677499294281006,2.3707652,0.7203589,-1.0000305,-0.68992025,0.9056557,0.6
2,,9,86.52213814169338,0.9393334984779358,1.8220066,0.36564225,-1.0000305,-0.2784403,0.7043361,0.6
2,0.0,10,91.95288133541439,0.8243005871772766,1.9795357,0.30878627,-1.0000305,-0.5391972,0.7886801,0.6
3,,1,5.7601997581681585,0.9432445168495178,2.1046214,-0.0,-1.0000305,-0.83339036,0.93255633,0.6
3,,2,24.76536573960019,0.7139112949371338,1.9957551,-0.0,-1.0000305,0.17148194,0.9883438,0.6
3,,3,36.38893558091634,1.0766756534576416,2.0170882,0.6865444,-1.0000305,0.17942104,0.95226836,0.6
3,,4,53.807076063575664,0.4319497048854828,1.982362,0.2469863,-1.0000305,0.39810884,0.9765627,0.6
3,,5,68.32913729121438,0.498611181974411,2.326595,0.85476243,-1.0000305,-0.4291929,0.9402023,0.6
3,,6,81.21447687168332,2.369922161102295,1.9433991,-0.0,-1.0000305,0.418567,0.8977581,0.6
3,,7,87.31366913346196,0.7534911036491394,2.2446182,1.0000305,-1.0000305,-0.46670035,0.6990902,0.6
3,,8,86.68131024089405,0.6846362948417664,0.71730393,0.9998169,-1.0000305,0.40249914,-0.60287,0.6
3,,9,90.08248334738826,0.5956117510795593,1.5283096,-0.0,-1.0000305,-0.28076017,0.50226897,0.6
3,,10,98.20135103261966,0.9188514351844788,1.2591505,1.0000305,-1.0000305,0.65623856,0.21127748,0.6
3,1.0,11,296.37541588156625,0.7506207227706909,1.5744302,-0.0,-1.0000305,0.42408693,0.5162085,0.6
4,,1,4.6570293071982745,1.1767452955245972,1.9229981,-0.0,-1.0000305,-0.13506597,0.9182184,0.6
4,,2,14.38389074944999,0.2962692379951477,1.9332827,-0.0,-1.0000305,0.16335759,0.92633826,0.6
4,,3,41.62340903525657,0.6356803178787231,1.9750208,0.17368084,-1.0000305,0.16650926,0.9749772,0.6
4,,4,58.14552216315239,0.7315866351127625,1.9451184,-0.0,-1.0000305,0.14880398,0.9393877,0.6
4,,5,67.28070966001249,0.27183201909065247,1.9373806,-0.0,-1.0000305,0.29717267,0.91442287,0.6
4,,6,84.56400439273614,0.3823985159397125,1.9123842,0.87743765,-1.0000305,-0.028166633,0.684337,0.6
4,,7,93.34271718209217,0.9839353561401367,1.8547843,-0.0,-1.0000305,0.19866058,0.8440841,0.6
4,,8,97.62512890000373,0.41884320974349976,1.4291033,0.49507126,-1.0000305,-0.059494168,0.317085,0.6
4,,9,97.30152954938048,0.883377730846405,0.9229785,-0.0,-1.0000305,-0.06466222,-0.07931981,0.6
4,,10,97.2765835071629,1.6331372261047363,0.9607294,-0.0,-1.0000305,0.070107944,-0.041862562,0.6
4,,11,97.63884459449694,1.4938628673553467,1.0487558,-0.0,-1.0000305,0.092114754,0.044672154,0.6
4,,12,97.12182458821653,0.2666344940662384,1.2800446,-1.0,-1.0000305,-0.0011076964,-0.19957551,0.6
4,,13,97.97534879014711,0.6299200654029846,1.2158831,-0.492172,-1.0000305,-0.011910975,0.116983876,0.6
4,,14,99.6078386910006,0.8917386531829834,1.2917722,-0.50755334,-0.9100925,0.056469794,0.2520407,0.6
4,,15,99.05040904176191,0.2538343667984009,0.6982615,-0.88085574,-1.0000305,-0.2491667,-0.7024771,0.6
4,,16,103.30277968655798,1.5665862560272217,1.2912134,0.17777032,-1.0000305,0.085274406,0.28786564,0.6
4,1.0,17,301.9615237717443,3.1590452194213867,1.3765146,0.45899838,-0.8377636,0.09756469,0.4904524,0.6
5,,1,2.6810607932661394,0.3976435959339142,1.9799045,0.14285715,-0.94137394,-0.61300194,0.8885712,0.6
5,,2,5.44371273389225,2.874767303466797,1.9142207,-0.14352855,-1.0000305,-0.31691417,0.9063216,0.6
5,,3,8.089334026844732,1.0460858345031738,1.8438135,-0.0,-1.0000305,0.13374826,0.83892566,0.6
5,,4,34.853081031882766,1.2302535772323608,1.834518,0.83367413,-0.80257577,0.5806469,1.014409,0.6
5,,5,48.75942833659358,0.7245535850524902,1.9198353,0.5640431,-1.0000305,0.25136223,0.89417076,0.6
5,,6,68.72054647457358,1.3044180870056152,1.6215714,-0.0,-1.0000305,0.43925261,0.560915,0.6
5,,7,74.85028356262583,0.18825913965702057,1.5319778,-0.0,-1.0000305,0.6370585,0.39320755,0.6
5,,8,91.5167147458549,0.39898669719696045,1.5352862,-0.0,-1.0000305,-0.027564922,0.5350082,0.6
5,,9,102.72757867308093,1.0413802862167358,1.712069,-0.0,-1.0000305,0.13719124,0.7065329,0.6
5,1.0,10,303.4045540362589,0.8275783658027649,1.4433419,-0.7577441,-0.87295145,0.057305895,0.31823674,0.6
6,,1,4.788921440191309,0.7450588345527649,2.071872,-1.0,-0.794763,0.16243252,0.92028934,0.6
6,,2,16.630739946081363,1.9307992458343506,2.2651622,-1.0,-1.0000305,0.12662058,0.9650869,0.6
6,,3,40.80918619912558,0.9665587544441223,2.0034344,-0.114413895,-1.0000305,0.15573595,0.98510617,0.6
6,,4,55.26161315150042,1.2885147333145142,1.913627,-0.0,-1.0000305,0.39814657,0.8717194,0.6
6,,5,67.45575109368991,1.64171302318573,1.9199002,-0.15863521,-1.0000305,-0.04685018,0.9166125,0.6
6,,6,83.11729918904236,1.3613529205322266,1.7605113,-0.29996642,-1.0000305,0.10982355,0.71212375,0.6
6,,7,96.34441062829376,1.7250220775604248,1.888808,-0.17435224,-1.0000305,0.073879145,0.87239474,0.6
6,,8,102.9333194160931,2.7669427394866943,1.4531393,-0.0,-1.0000305,0.0039096773,0.45310348,0.6
6,,9,102.39635031591206,0.8170079588890076,0.8274588,-0.10235908,-1.0000305,0.0033884253,-0.17935671,0.6
6,,10,105.53531850058528,0.998032808303833,1.6833832,-0.89327675,-1.0000305,-0.1573673,0.5139762,0.6
6,,11,105.62244798728494,0.32111120223999023,0.7882596,-0.39344463,-1.0000305,0.09164115,-0.37870532,0.6
6,,12,105.14688808359703,0.814172089099884,0.8178446,-0.0,-1.0000305,0.254029,-0.22263804,0.6
6,1.0,13,305.6713156068365,0.5395339727401733,1.4797773,-0.0,-1.0000305,-0.027984168,0.4794821,0.6
7,,1,4.345348700676251,0.5034302473068237,1.5225813,-0.38337353,-1.0000305,-0.94537663,0.4150336,0.6
7,,2,17.813054521891374,0.7210469245910645,2.2664323,-1.0,-0.92770165,0.25732172,0.95799655,0.6
7,,3,33.96210381857145,0.5392817854881287,1.9936465,-0.0,-1.0000305,0.30735156,0.969782,0.6
7,,4,48.42065382942948,0.9085642695426941,1.5567291,-0.50987273,-0.5132298,0.017472986,0.9514585,0.6
7,,5,62.39415591027473,1.6812095642089844,2.0138183,-0.0,-1.0000305,-0.12141564,1.0101242,0.6
7,,6,72.8479976650844,1.2279906272888184,1.9315009,-0.0,-0.99807733,-0.12818226,0.92916554,0.6
7,,7,79.47044442214917,1.1111712455749512,1.1451046,-0.18402661,-0.35291603,-0.18243226,0.7921876,0.6
7,,8,84.07691995194153,0.4269716441631317,1.80711,-0.0,-1.0000305,-0.002998324,0.8070769,0.6
7,0.0,9,84.29986533804102,0.870492160320282,1.1648178,-0.0,-1.0000305,-0.22194752,0.14344656,0.6
8,,1,5.091687140627577,5.246374607086182,1.9098014,-0.0,-1.0000305,0.94717705,0.6583413,0.6
8,,2,15.835108099267298,0.44875457882881165,1.5578824,-0.19190039,-0.58555865,0.062031757,0.95148915,0.6
8,,3,41.12204199734272,0.8839104175567627,0.7739378,-0.11447493,0.1906186,-0.11736165,0.96455103,0.6
8,,4,56.47904796250687,0.3740403652191162,1.5453941,-0.0,-0.6324656,-0.23590975,0.8948161,0.6
8,,5,63.05942147892975,0.9293065667152405,1.9241445,-0.0,-1.0000305,0.049623802,0.92347395,0.6
8,,6,84.61186035495531,1.705964207649231,1.7869548,0.15524766,-1.0000305,0.07245641,0.78500533,0.6
8,,7,95.52476691889349,1.563398838043213,1.1775643,-0.7030549,0.31571397,0.3311997,0.8787193,0.6
8,1.0,8,296.18099730810263,0.784429669380188,1.271025,-1.0,-0.1652272,-0.02413968,0.6491443,0.6
9,,1,2.3804555874226816,0.21244502067565918,1.8368533,-0.0,-1.0000305,0.2646381,0.81765944,0.6
9,,2,5.128854270263828,0.789896547794342,2.0558789,-0.59181494,-1.0000305,0.25067976,0.87529355,0.6
9,,3,7.94181897094697,0.4834996461868286,1.9256091,-0.0,-1.0000305,0.055363256,0.92478245,0.6
9,,4,30.489611668800038,2.0344297885894775,1.9597187,-0.0,-1.0000305,0.23404352,0.9456624,0.6
9,,5,45.65008868577442,1.6318150758743286,1.9278041,-0.0,-1.0000305,0.10132212,0.9251091,0.6
9,,6,67.51559012506331,1.166209101676941,1.6862382,-0.0,-1.0000305,0.095975436,0.6834741,0.6
9,,7,73.65835619915617,0.8572691679000854,1.215383,-0.37470627,-0.49171424,0.3919005,0.45140287,0.6
9,,8,94.8545225539202,0.16429579257965088,0.6397388,-0.65034944,0.0,-0.26984727,0.51427996,0.6
9,,9,98.67475933449242,1.5475437641143799,1.6843789,-0.933195,-1.0000305,-0.14386658,0.48795217,0.6
9,,10,103.92315992681424,1.3371837139129639,1.2887665,-0.1462447,-1.0000305,-0.058190502,0.28572428,0.6
9,1.0,11,304.26255472408184,0.771723747253418,1.4910228,-0.85067296,-0.84752953,0.080823444,0.31671426,0.6
10,,1,7.063986304120078,0.3830726444721222,1.1754174,-0.9227271,-0.47804195,-0.88297796,0.6967031,0.6
10,,2,24.49861831765435,0.7924094796180725,1.9540377,-0.0,-1.0000305,-0.02346086,0.9538663,0.6
10,,3,35.404014607849206,2.0644614696502686,1.7795208,-0.61394083,-1.0000305,-0.44052216,0.7710199,0.6
10,,4,44.304954825483314,1.2726572751998901,1.9436234,-0.110293895,-1.0000305,0.41668695,0.8707883,0.6
10,,5,61.252250383281016,1.0680862665176392,1.958412,-0.13342692,-1.0000305,0.022363678,0.9521751,0.6
10,,6,70.90778137206459,1.1808863878250122,2.0473585,-0.8692892,-1.0000305,-0.06747079,0.8837858,0.6
10,,7,75.75238662656645,1.6364673376083374,1.7795433,-0.0,-1.0000305,0.1630914,0.77202356,0.6
10,,8,76.81616187020215,0.3582170009613037,1.5325661,-0.0,-1.0000305,-0.12768696,0.5272071,0.6
10,0.0,9,77.32413497664808,2.0484962463378906,1.3947936,-0.0,-1.0000305,-0.5580453,0.27826315,0.6
11,,1,4.450604596397054,1.1521060466766357,1.9796125,-0.0,-1.0000305,-0.8917214,0.76736826,0.6
11,,2,11.0434849393027,1.6206094026565552,2.0463066,-0.6237983,-1.0000305,-0.031704888,0.9587435,0.6
11,,3,40.75674483605804,2.163975954055786,2.1798894,-0.5048677,-1.0000305,0.43675748,0.9659959,0.6
11,,4,58.05407612084656,2.247103452682495,1.9292289,-0.0,-1.0000305,0.4788152,0.8688354,0.6
11,,5,64.98598786400972,0.863278329372406,1.9999951,-0.15909299,-1.0000305,0.5687354,0.8628292,0.6
11,,6,87.69878952345175,1.092996597290039,2.149327,-0.8776818,-1.0000305,0.09335587,0.91743994,0.6
11,,7,99.94986150751868,2.2757444381713867,1.8653942,-0.21356852,-1.0000305,0.4285823,0.75135124,0.6
11,,8,106.14706006865903,1.6103132963180542,1.7294765,-0.0,-1.0000305,0.064798474,0.72823155,0.6
11,1.0,9,305.85356451793865,1.7629984617233276,1.5911711,-0.8473464,-1.0000305,-0.042697288,0.37269133,0.6
12,,1,3.033083064762459,0.8893101811408997,1.945148,-0.0,-1.0000305,-0.37092716,0.90942335,0.6
12,,2,6.580533128655809,2.7316596508026123,1.9054207,-0.0,-1.0000305,0.25339714,0.8884656,0.6
12,,3,21.171243928630464,1.612830400466919,2.0003057,-0.0,-1.0000305,0.1949204,0.9907556,0.6
12,,4,49.781544251762824,1.4162074327468872,1.988947,-0.0,-1.0000305,0.046230704,0.9883792,0.6
12,,5,64.74848798080882,0.35577332973480225,1.8982661,-0.14447463,-1.0000305,-0.0006886199,0.8927821,0.6
12,,6,71.62866665668386,1.0264387130737305,1.7445525,-0.0,-1.0000305,0.1084846,0.74114555,0.6
12,,7,87.49305274055205,0.20957495272159576,1.5209088,-0.0,-1.0000305,0.07227511,0.51916,0.6
12,,8,92.02217486632277,0.9663572311401367,1.4615272,-0.0,-1.0000305,0.4189856,0.40015268,0.6
12,,9,97.74141494637986,0.4848228096961975,1.2862564,-0.1163976,-1.0000305,0.0950043,0.26873454,0.6
12,,10,99.14525143402219,0.9153015613555908,1.4589777,-1.0,-1.0000305,-0.042248037,0.10057244,0.6
12,,11,100.9856126517902,1.4104902744293213,1.2529157,-0.24124882,-1.0000305,0.05428122,0.21753262,0.6
12,,12,101.24633605180884,1.4821069240570068,0.87837106,-0.9294412,-1.0000305,-0.33365437,-0.35460517,0.6
12,,13,100.72521673712473,2.2557435035705566,0.91186947,-0.0,-1.0000305,-0.28247714,-0.1330169,0.6
12,1.0,14,300.7935810513192,2.3572146892547607,1.7757055,-0.64113283,-1.0000305,0.29175007,0.51088285,0.6
13,,1,2.423285559357969,2.266364574432373,1.8290575,-0.0,-1.0000305,-0.071466655,0.82763034,0.6
13,,2,5.454979110665018,1.0566694736480713,1.9419136,-0.1163976,-1.0000305,0.09659849,0.9301667,0.6
13,,3,8.558292899492653,0.910029947757721,2.266446,-0.97289956,-1.0000305,0.25300592,0.90625745,0.6
13,,4,45.0738549153082,0.5379170775413513,1.9957032,-0.0,-1.0000305,0.06764285,0.994526,0.6
13,,5,65.86472023829381,1.5680665969848633,1.9356964,-0.0,-1.0000305,0.2980119,0.9125879,0.6
13,,6,70.60026764425709,1.918816089630127,1.8972031,-0.0,-1.0000305,0.20770016,0.88576907,0.6
13,,7,89.3027616053444,1.5233696699142456,1.5446491,-0.0,-1.0000305,-0.028678011,0.54435223,0.6
13,,8,94.84595443368575,0.44354692101478577,1.5829122,-0.3640553,-1.0000305,0.0928259,0.51551247,0.6
13,,9,97.9986715648034,0.4676852226257324,1.3067425,-0.0,-1.0000305,0.044925526,0.30593958,0.6
13,,10,98.13679652233729,0.6033312082290649,1.3197076,-1.0,-1.0000305,-0.1518004,0.011001508,0.6
13,,11,98.26699283248884,1.058753252029419,0.84213805,-0.0,-1.0000305,-0.108505815,-0.16491199,0.6
13,,12,98.3487230535981,0.1531866490840912,1.3060162,-0.9151891,-1.0000305,-0.090003744,0.01226758,0.6
13,,13,97.0969603831008,0.7383686900138855,0.5176286,-0.0,-1.0000305,-0.19568221,-0.52081466,0.6
13,,14,99.72031004626905,2.7678442001342773,1.5069144,-0.0,-1.0000305,0.021537976,0.50672996,0.6
13,,15,108.31977260164527,2.1690359115600586,1.2850533,-0.8809473,-0.300119,0.23668413,0.33412218,0.6
13,1.0,16,308.8559631231203,1.4468474388122559,1.3383526,-0.0,-1.0000305,0.094843134,0.3349572,0.6
14,,1,2.196205511206131,1.7939270734786987,1.8856946,-0.27365947,-1.0000305,-0.101718396,0.87780887,0.6
14,,2,4.723638347931068,0.5381124019622803,1.8833439,-0.0,-1.0000305,0.17398837,0.8752594,0.6
14,,3,7.214003573767503,0.5387753844261169,1.6965759,-0.0,-0.82995087,0.14689186,0.860254,0.6
14,,4,17.62084853374354,1.279761552810669,1.9708242,-0.0,-1.0000305,0.27938044,0.950891,0.6
14,,5,56.79099269769649,0.5342969298362732,1.5118258,-0.40794092,-0.5406049,0.017304383,0.9101825,0.6
14,,6,75.44058735140337,1.9566876888275146,1.9065324,-0.0,-1.0000305,0.40440887,0.86311716,0.6
14,,7,84.9976003561219,0.5174283981323242,1.8644025,-0.18222602,-1.0000305,-0.0015692897,0.8555986,0.6
14,,8,99.72738596418256,0.8120896816253662,1.4190255,-0.0,-1.0000305,-0.044816185,0.4182872,0.6
14,,9,102.6568247112318,1.7469816207885742,1.2695967,-0.17453535,-1.0000305,-0.048094045,0.26325426,0.6
14,1.0,10,302.9110159814099,0.9030022025108337,1.288267,-0.0,-1.0000305,0.14881393,0.27961248,0.6
15,,1,2.9500943868029177,0.6631578207015991,1.9898084,-0.0,-1.0000305,-0.55181676,0.91173196,0.6
15,,2,5.9870253447001796,1.3637961149215698,1.6544416,-0.6424146,-0.68135625,-0.14276424,0.89583325,0.6
15,,3,10.210191803178187,1.685718059539795,1.9922148,-0.27146214,-1.0000305,0.20242551,0.9350018,0.6
15,,4,26.07033930465549,0.8912981748580933,1.4291724,-0.0,-1.0000305,0.17458804,0.41843796,0.6
15,,5,51.866063977370764,0.35063695907592773,2.0482295,-0.13473922,-1.0000305,0.31808886,0.9975156,0.6
15,,6,64.83226775669613,1.5216200351715088,1.9440606,-0.0,-1.0000305,0.27053732,0.9251139,0.6
15,,7,95.55970383041597,0.44684872031211853,1.8773354,-0.0,-1.0000305,0.17732365,0.8689116,0.6
15,1.0,8,296.39204909891924,1.203437328338623,1.6546835,-0.0,-1.0000305,0.6533306,0.52021176,0.6
16,,1,2.5084319813437737,1.4690003395080566,1.9751923,-0.0,-1.0000305,-0.4752292,0.9171397,0.6
16,,2,5.022687557818761,2.1562325954437256,1.8376027,-0.0,-1.0000305,-0.06836133,0.8363001,0.6
16,,3,7.774075636118071,1.8855533599853516,1.87696,-0.0,-1.0000305,0.26791403,0.8577103,0.6
16,,4,27.725138545444747,0.5669748783111572,1.5980957,-0.8845485,-0.22779016,0.2010675,0.94496214,0.6
16,,5,53.88495965671606,1.3173962831497192,1.861562,-0.0,-0.8514359,0.14325266,1.0046061,0.6
16,,6,64.651777876792,1.4606242179870605,1.8727158,-0.0,-1.0000305,0.008555073,0.87266576,0.6
16,,7,65.85723337123167,1.5299540758132935,0.9794263,-0.11560412,-1.0000305,0.38791367,-0.15994377,0.6
16,,8,81.92724901578785,1.9804142713546753,1.5690048,-0.0,-1.0000305,-0.07534248,0.5671643,0.6
16,,9,97.67300324716223,3.865586519241333,2.1113853,-1.0,-1.0000305,0.20390035,0.73449314,0.6
16,,10,101.06221644215363,0.4138975441455841,1.2961388,-0.0,-1.0000305,0.054134034,0.2949773,0.6
16,1.0,11,301.30676659916844,1.0963698625564575,1.6930119,-1.0,-1.0000305,0.07753572,0.30580476,0.6
17,,1,9.343862794958921,1.7590967416763306,1.9241006,-0.0,-1.0000305,-0.5432222,0.8457953,0.6
17,,2,27.370361079222597,1.1619446277618408,1.9498699,-0.0,-1.0000305,-0.02571477,0.9496699,0.6
17,,3,40.52852198672229,4.97987699508667,2.1739478,-1.0,-1.0000305,0.02560554,0.9167853,0.6
17,,4,51.90960376691919,1.4694410562515259,2.2184396,-1.0,-1.0000305,0.03613939,0.96157336,0.6
17,,5,64.96068778269367,3.1481165885925293,2.209358,-1.0,-1.0000305,0.011882491,0.9639849,0.6
17,,6,75.69706200486786,1.028676986694336,1.940172,-0.0,-1.0000305,-0.35587913,0.90722334,0.6
17,,7,83.60374533219515,1.088481068611145,1.7540444,-0.0,-1.0000305,0.018869553,0.7539125,0.6
17,,8,85.23579202915496,0.557752251625061,1.4885218,-1.0,-1.0000305,0.010193387,0.09322457,0.6
17,,9,85.80278679984245,1.0248042345046997,1.4810442,-0.9060335,-1.0000305,0.51578534,-0.58539426,0.6
17,,10,84.1928535420047,2.8302204608917236,1.4859818,-0.7148961,-1.0000305,0.4117099,-0.031061593,0.6
17,,11,86.37129815310716,0.5062398314476013,1.0737531,-0.8669088,-1.0000305,-0.49572283,0.007524243,0.6
17,,12,89.69855992074098,0.8927438259124756,1.4469811,-0.0,-1.0000305,-0.018169198,0.4468364,0.6
17,0.0,13,87.54601057131374,2.3652124404907227,1.6258525,-0.86663413,-1.0000305,-0.2140036,0.48908654,0.6
18,,1,7.975448863409942,0.7815930843353271,1.9950322,-0.0,-1.0000305,0.27458912,0.97601455,0.6
18,,2,29.89847904896764,0.4454244077205658,2.2442887,-1.0,-1.0000305,0.13322835,0.93713874,0.6
18,,3,44.003779438174035,0.7418248653411865,2.3238494,-1.0,-1.0000305,0.44315645,0.8213908,0.6
18,,4,53.55467228534809,0.7411868572235107,1.9522624,-0.0,-1.0000305,0.11975983,0.94855523,0.6
18,,5,71.99952393441421,1.162469744682312,1.8122791,-0.0,-1.0000305,-0.07702453,0.81061107,0.6
18,,6,82.6337107302767,1.2566161155700684,1.8052438,-0.0,-1.0000305,0.53822297,0.7231123,0.6
18,,7,89.74793876636845,1.034990906715393,1.891926,-0.9559007,-1.0000305,-0.16162565,0.71709245,0.6
18,,8,92.01965115393534,1.1696821451187134,1.1018442,-0.0,-1.0000305,-0.12602948,0.09458226,0.6
18,,9,95.622584268245,0.4505179822444916,1.4395252,-0.9360332,-1.0000305,-0.21544132,0.24615575,0.6
18,,10,95.86110053244161,1.3099340200424194,0.92579293,-0.29224524,-1.0000305,-0.1760988,-0.081552126,0.6
18,,11,96.92895530516213,0.22716709971427917,1.4650065,-1.0,-1.0000305,-0.060346894,0.12393408,0.6
18,,12,97.97399465020611,0.38905343413352966,1.5477744,-1.0,-1.0000305,0.032613654,0.15292855,0.6
18,,13,98.20553401903803,2.0300610065460205,0.8358807,-0.0,-1.0000305,-0.20107414,-0.18869469,0.6
18,,14,97.20902529350656,1.2554899454116821,1.6747768,-1.0,-1.0000305,0.22492763,0.14208564,0.6
18,,15,94.38018019462442,0.47453397512435913,0.6411876,-0.0,-1.0000305,-0.57055044,-0.7074664,0.6
18,,16,100.31388299201409,0.42825978994369507,1.9075639,-0.0,-1.0000305,0.41861618,0.8610338,0.6
18,,17,97.70145069031655,0.8847445249557495,0.797116,-1.0,-1.0000305,-0.3303018,-0.5677134,0.6
18,,18,105.43493525163885,2.1310033798217773,1.7330159,-0.0,-1.0000305,0.20883414,0.7203568,0.6
18,,19,109.48861180623234,0.21324175596237183,1.824261,-1.0,-1.0000305,0.17223689,0.39774936,0.6
18,,20,109.43048104183596,0.9884287714958191,1.3039685,-0.93133336,-1.0000305,-0.023901464,-0.06360034,0.6
18,,21,110.34889723145963,0.2874571979045868,1.6159031,-1.0,-1.0000305,0.064855374,0.21538152,0.6
18,,22,110.6957416684469,0.6048925518989563,1.1586292,-0.0,-1.0000305,0.06290016,0.15689006,0.6
18,,23,110.6151327948042,1.1807219982147217,1.0118201,-0.0,-1.0000305,0.017946368,0.011630371,0.6
18,,24,110.62982037457581,0.785282552242279,0.7190471,-0.31421858,-1.0000305,-0.20975927,-0.2886115,0.6
18,,25,111.06913971133238,0.4312075972557068,1.1875155,-0.0,-1.0000305,0.104695134,0.18286088,0.6
18,,26,111.52455464334328,2.333818197250366,1.6136098,-1.0,-1.0000305,0.0919777,0.18795988,0.6
18,,27,109.25351706720281,0.6450784206390381,0.52044463,-0.0,-1.0000305,-0.21632071,-0.5266723,0.6
18,,28,109.99597067617438,0.9468613862991333,1.1498158,-0.0,-1.0000305,0.046993382,0.1488246,0.6
18,,29,110.72330048807615,1.6659880876541138,1.7410947,-1.0,-1.0000305,0.2294783,0.23276867,0.6
18,,30,109.95002535852487,0.3734135329723358,0.7322068,-0.2679525,-1.0000305,-0.2357935,-0.26853022,0.6
18,,31,111.08309043477672,0.8550177812576294,1.4022415,-0.0,-1.0000305,0.15197627,0.39395088,0.6
18,,32,107.58427603120808,0.3182268738746643,0.7302024,-1.0,-0.13980529,-0.40113357,-0.5576024,0.6
18,,33,109.93929002357747,0.4461416006088257,1.5114121,-0.42023987,-1.0000305,0.26189324,0.34869525,0.6
18,,34,111.64625957178139,0.9672521948814392,1.3402011,-0.0,-1.0000305,0.1419601,0.3326308,0.6
18,,35,111.15219390742828,1.4019951820373535,1.2666547,-1.0,-1.0000305,-0.07209527,-0.13782004,0.6
18,,36,112.42748952384831,1.0842255353927612,1.4410226,-0.26493117,-1.0000305,0.31190827,0.3205006,0.6
18,,37,110.50777660861816,1.1512181758880615,1.2220832,-0.29691458,-1.0000305,0.25288922,0.09139206,0.6
18,,38,111.32133917688004,2.433823347091675,0.93371457,-0.0,-1.0000305,-0.14793,-0.07810887,0.6
18,,39,112.17848953125714,0.7900232672691345,1.3383116,-1.0,-1.0000305,-0.10627542,-0.0038708076,0.6
18,,40,111.35860469016059,1.3339102268218994,0.68129516,-0.4136784,-1.0000305,-0.15652512,-0.36913016,0.6
18,,41,110.82293265824266,1.7967431545257568,0.93784434,-0.0,-1.0000305,-0.06372344,-0.064353615,0.6
18,,42,112.36746232138094,1.620227575302124,1.5419073,-1.0,-1.0000305,-0.038136084,0.20508194,0.6
18,,43,112.54455817033583,1.9943997859954834,1.4552933,-0.7574084,-1.0000305,0.02655533,0.22605258,0.6
18,,44,111.17868813690724,0.767425537109375,1.5000858,-0.0,-1.0000305,0.45522994,0.42931306,0.6
18,,45,111.9429486319934,1.2348008155822754,0.7791711,-0.3025605,-1.0000305,-0.17183602,-0.23190378,0.6
18,,46,109.73272637669935,0.7196786999702454,0.58536136,-0.0,-1.0000305,-0.45230564,-0.6284561,0.6
18,,47,110.71441575300967,0.16089533269405365,1.212246,-0.0,-1.0000305,0.16483696,0.20095618,0.6
18,,48,112.25242136994048,0.5358506441116333,1.71746,-1.0,-1.0000305,0.15955605,0.26689446,0.6
18,,49,111.03025953020695,0.506350576877594,0.7408983,-0.27542955,-1.0000305,-0.36629057,-0.26472476,0.6
18,,50,112.38347830019107,0.9459488391876221,1.2853378,-0.0,-1.0000305,0.23454896,0.26372585,0.6
18,,51,112.55930735329304,0.7092329263687134,1.2259526,-0.31321147,-1.0000305,0.10464754,0.1525117,0.6
18,,52,112.28246923216837,0.9337613582611084,1.218872,-0.0,-1.0000305,0.2622885,0.19028604,0.6
18,,53,112.01457465047397,2.3015496730804443,1.0082157,-0.0,-1.0000305,0.015658053,0.008063588,0.6
18,,54,111.5070644114541,2.2220983505249023,1.0464442,-0.0,-1.0000305,0.07902962,0.043425083,0.6
18,,55,109.0230776952501,2.1182937622070312,1.8025408,-0.0,-1.0000305,0.758704,0.6350601,0.6
18,,56,111.81868407440405,0.5686514973640442,1.1580757,-0.0,-1.0000305,-1.0779903,-0.57685643,0.6
18,,57,111.75305588571032,0.16370348632335663,1.2245063,-0.0,-1.0000305,0.24330239,0.20006093,0.6
18,,58,110.18623967705301,3.082348108291626,1.2593718,-0.0,-1.0000305,0.31788543,0.21856144,0.6
18,,59,114.27755264740945,0.5497958660125732,0.02528957,-1.0,-1.0000305,-1.0155584,-1.0199679,0.6
18,,60,113.83902527169272,0.7582443952560425,1.4402001,-1.0,-1.0000305,0.14640847,-0.12829429,0.6
18,,61,114.0956447031887,0.8474643230438232,1.2742366,-0.9777215,-0.70873135,0.042072307,0.055270765,0.6
18,,62,115.03277662991053,1.2057331800460815,1.0058107,-0.25946838,-0.84362316,-0.00900233,0.13050318,0.6
18,,63,114.93261432128838,1.883923053741455,1.0701481,-0.0,-1.0000305,0.17827433,0.055163912,0.6
18,,64,112.18630296071753,0.6104505062103271,1.3987707,-0.23648793,-1.0000305,0.40981758,0.24047294,0.6
18,,65,111.89178637074967,3.431589365005493,1.1532497,-0.0,-1.0000305,-1.140376,-0.82819444,0.6
18,,66,115.78930325949922,0.727063775062561,1.6864024,-0.0,-1.0000305,0.5197434,0.6042823,0.6
18,,67,115.92877034642312,0.5318461656570435,1.398162,-0.6461684,-1.0000305,0.12670468,0.16509786,0.6
18,,68,115.29568984800622,1.084267020225525,0.91028064,-0.0,-1.0000305,0.030549105,-0.0902626,0.6
18,,69,115.44203867599238,0.7391152381896973,1.5960333,-1.0,-1.0000305,0.12770674,0.129394,0.6
18,,70,112.58174988299945,0.8004062175750732,0.72003853,-1.0,-1.0000305,-0.4732093,-0.50916696,0.6
18,,71,115.63941856421414,0.7579942941665649,1.5498276,-0.20947905,-1.0000305,0.32807413,0.45358634,0.6
18,,72,114.48487849518828,0.6573951840400696,1.902,-1.0,-1.0000305,0.3768782,0.31214717,0.6
18,,73,115.48484040983827,0.7451093792915344,0.3228475,-0.51255834,-0.68135625,-0.38476974,-0.38487595,0.6
18,,74,115.39379931697879,0.8720635771751404,1.4467013,-0.90713215,-0.74977875,0.19862325,0.18309282,0.6
18,,75,115.13427828329147,1.0589185953140259,0.87739444,-0.41376996,-1.0000305,-0.116136104,-0.17466085,0.6
18,,76,114.9029965541303,1.4303141832351685,1.239781,-0.6897183,-0.931608,0.08348279,0.037524074,0.6
18,,77,115.47097882682665,0.4498908221721649,1.4527961,-1.0,-0.9179052,0.0049600042,0.13122395,0.6
18,,78,114.16881378305189,1.167932152748108,1.4974942,-1.0,-0.7575915,0.22275855,0.1069029,0.6
18,,79,114.74401715466543,1.551539659500122,0.8030591,-0.26392406,-1.0000305,-0.18276021,-0.20108348,0.6
18,,80,112.86461320001116,0.2768281102180481,0.17407607,-0.52790916,-0.6031373,-0.46861196,-0.43947205,0.6
18,,81,113.83374908074671,0.808914065361023,1.3533001,-0.6403394,-0.878811,0.20776385,0.17577045,0.6
18,,82,114.8948453031663,0.7268021702766418,1.1534816,-0.0,-1.0000305,0.07954431,0.15070504,0.6
18,,83,115.95192134790065,2.7704484462738037,1.5075976,-0.9053621,-1.0000305,0.041505694,0.17312412,0.6
18,,84,115.56300269384197,1.160843014717102,1.3259535,-0.8640095,-0.57579273,0.2050055,0.20865563,0.6
18,,85,115.32167289491186,2.2773962020874023,1.1032121,-0.88613546,-0.72631,-0.0025562933,-0.06573096,0.6
18,,86,113.00783353242713,1.1278291940689087,0.5167078,-0.0,-1.0000305,-0.36230394,-0.6316248,0.6
18,,87,113.76888838829427,2.3479456901550293,1.2829056,-0.0,-1.0000305,0.30316418,0.24654013,0.6
18,,88,113.84180278730447,0.7290502786636353,1.1438372,-0.25812554,-0.7400128,0.23623934,0.29147494,0.6
18,,89,114.55151302233926,0.6862427592277527,0.82382894,-0.0,-1.0000305,-0.43383786,-0.29968855,0.6
18,,90,114.90321850375497,0.5457503795623779,1.1392456,-0.6351207,-1.0000305,-0.23991515,0.0684699,0.6
18,,91,114.84238943526353,1.0540859699249268,2.0827947,-1.0,-1.0000305,0.47282335,0.47266254,0.6
18,,92,116.73882948646327,2.0271615982055664,1.2629058,-0.0,-1.0000305,0.23423995,0.24096218,0.6
18,,93,115.20213560568601,0.9350869059562683,2.0569303,-0.0,-1.0000305,0.8641024,0.86659443,0.6
18,,94,112.48396485545636,0.21782048046588898,1.9882896,-0.9717399,-0.5542772,0.6195137,0.63786703,0.6
18,,95,111.110957955445,2.0279757976531982,1.5737689,-0.0,-1.0000305,0.4926937,0.49462694,0.6
18,,96,110.98960987022106,1.2599008083343506,1.6012065,-1.0,-0.4232917,0.35801336,0.42503724,0.6
18,,97,110.97987486743264,0.9015652537345886,1.6400322,-0.0,-1.0000305,0.49136856,0.56466186,0.6
18,,98,110.97910169345897,1.3255528211593628,2.1727285,-0.0,-1.0000305,1.1139003,0.8654387,0.6
18,,99,110.97904818145341,0.8700058460235596,1.8659778,-0.0,-1.0000305,0.6744117,0.73980904,0.6
18,,100,110.9790525100624,1.1282786130905151,2.033198,-0.20422986,-0.8827174,0.91645116,0.8137402,0.6
19,,1,13.930990638316915,1.6696885824203491,1.9025795,-0.5485092,-0.8201544,-0.05291342,1.0167434,0.6
19,,2,28.719416676420625,1.20860755443573,1.9792985,-0.0,-1.0000305,-0.059200592,0.97838235,0.6
19,,3,43.65814161584712,1.7738447189331055,2.020032,-0.0,-1.0000305,0.017852098,1.0199225,0.6
19,,4,57.26546927875868,1.6943825483322144,1.9094471,-0.0,-1.0000305,-0.08176846,0.90766495,0.6
19,,5,70.74140017980565,0.8171577453613281,1.8983445,-0.0,-1.0000305,0.2238212,0.8850731,0.6
19,,6,81.93312045172884,1.570565938949585,1.7608675,-0.0,-1.0000305,0.15844913,0.7536935,0.6
19,,7,91.40654254753619,1.3599190711975098,1.8406957,-0.0,-1.0000305,-0.3000733,0.81604135,0.6
19,,8,95.58915926747216,0.1342671513557434,1.0649642,-0.0,-1.0000305,0.48287138,-0.050828774,0.6
19,,9,93.35915461598408,0.3994902968406677,0.7004406,-0.0,-1.0000305,0.12248523,-0.31038254,0.6
19,,10,101.74088341286348,1.2842862606048584,1.6053632,-0.0,-1.0000305,0.18407562,0.59474456,0.6
19,1.0,11,302.18867786610105,1.6941708326339722,1.3981483,-0.0,-1.0000305,0.07118912,0.39630422,0.6
20,,1,3.793857572174339,0.694360077381134,2.010864,-0.0,-1.0000305,-0.70576054,0.88291293,0.6
20,,2,7.236219636582305,0.27309903502464294,1.8790845,-0.0,-1.0000305,-0.297891,0.8552914,0.6
20,,3,29.545781261057765,0.27919209003448486,2.0165088,-0.0,-1.0000305,0.41736004,0.9728147,0.6
20,,4,42.21898807439446,0.6244941353797913,2.0354342,-0.0,-1.0000305,0.41476896,0.99269605,0.6
20,,5,62.902919547203226,1.2983367443084717,2.038149,-0.815424,-1.0000305,0.41024092,0.6284035,0.6
20,,6,73.71243578238116,2.5665292739868164,2.448084,-1.0,-1.0000305,0.5540834,0.89151406,0.6
20,,7,85.10133449981564,0.5312294363975525,1.4494536,-0.0,-1.0000305,0.10620099,0.44552723,0.6
20,,8,86.03338799521563,2.0850725173950195,1.497044,-0.7487411,-1.0000305,0.44032115,-0.09048584,0.6
20,,9,94.61035222629643,0.7125380039215088,1.6156546,-0.0,-1.0000305,-0.142992,0.60928386,0.6
20,,10,103.68047340576261,0.6062601804733276,1.4725484,-0.0,-1.0000305,-0.04175838,0.4719256,0.6
20,1.0,11,304.2594062534498,1.0771913528442383,1.6511316,-1.0,-1.0000305,-0.021574829,0.3299769,0.6
21,,1,4.73093352747255,1.5006794929504395,2.06192,-0.0,-1.0000305,-0.967195,0.8209713,0.6
21,,2,13.158811060216085,2.2907392978668213,2.2367415,-1.0,-1.0000305,0.01042264,0.99547917,0.6
21,,3,42.95300292469716,0.7883796691894531,2.4929724,-1.0,-1.0000305,0.52432364,0.9726196,0.6
21,,4,61.31563796164157,1.4119791984558105,2.0187862,-0.0,-1.0000305,0.7790697,0.8623733,0.6
21,,5,68.83778444755679,3.3249404430389404,2.4399645,-1.0,-1.0000305,0.5755952,0.86301184,0.6
21,,6,75.32734561976692,1.3985673189163208,1.5398062,-0.0,-1.0000305,0.2746188,0.5150892,0.6
21,,7,94.5395261774549,0.3206106424331665,1.7348455,-0.0,-1.0000305,-0.08983363,0.73248756,0.6
21,,8,103.25028943550002,1.8869590759277344,2.1146529,-1.0,-1.0000305,0.026901368,0.84854466,0.6
21,1.0,9,303.0719459592491,0.9687941074371338,1.632313,-1.0,-1.0000305,-0.1585705,0.39869818,0.6
22,,1,12.707850850444357,1.1246169805526733,1.992301,-0.0,-1.0000305,-0.3085214,0.9682371,0.6
22,,2,24.595837957086204,1.2215590476989746,1.859224,-0.11740471,-1.0000305,-0.18625495,0.85791826,0.6
22,,3,35.8935309592751,1.2919347286224365,1.8725063,-0.0,-1.0000305,-0.1933567,0.8624659,0.6
22,,4,44.66230528234348,0.5038425922393799,2.0157945,-1.0,-1.0000305,-0.1758198,0.8395768,0.6
22,,5,53.85003509773023,0.8086739778518677,1.8065447,-1.0,-1.0000305,-0.41619802,0.70958304,0.6
22,,6,56.0842499970849,0.25140273571014404,1.5499923,-1.0,-1.0000305,-0.15870462,0.30177528,0.6
22,,7,56.948037551133986,1.5240225791931152,1.2327892,-0.9450972,-1.0000305,-0.23679274,0.008965965,0.6
22,,8,68.90839214249992,0.9374516606330872,2.316476,-1.0,-1.0000305,0.39868402,0.8465189,0.6
22,,9,77.52339735280061,5.839300155639648,1.935425,-1.0,-1.0000305,0.1638816,0.54633623,0.6
22,,10,81.06478028202845,1.7166330814361572,1.8172101,-1.0,-1.0000305,-0.011952615,0.5250973,0.6
22,,11,80.37334908595697,1.5938763618469238,0.50283325,-0.0,-1.0000305,0.19922237,-0.53834695,0.6
22,,12,84.27071742145645,0.39629220962524414,1.7407317,-1.0,-1.0000305,0.012280174,0.41610357,0.6
22,,13,83.04998468628544,0.5466195940971375,1.1197398,-0.68382823,-1.0000305,0.13287166,-0.23398972,0.6
22,,14,86.73881828988587,1.097145915031433,1.4861338,-0.0,-1.0000305,-0.057726078,0.48498163,0.6
22,,15,88.07521750983457,1.378319263458252,1.5297649,-0.990936,-1.0000305,-0.043401524,0.2009521,0.6
22,,16,90.6155591727892,0.5956255793571472,0.7610919,-0.0,-1.0000305,0.38425785,-0.34306264,0.6
22,,17,91.75272654395924,0.5297786593437195,1.1399698,-0.0,-1.0000305,0.0060282927,0.1399234,0.6
22,,18,87.38626349221425,0.7154111266136169,0.814263,-0.0,-1.0000305,0.41087326,-0.29703164,0.6
22,,19,89.00244595967467,2.2891757488250732,1.6117744,-0.0,-1.0000305,-0.40959677,0.5588304,0.6
22,0.0,20,89.12150784111638,0.5091174244880676,1.5019889,-0.0,-1.0000305,-0.26893744,0.47768512,0.6
23,,1,4.072890029752503,0.3507632315158844,1.9179038,-0.0,-1.0000305,0.14359854,0.9124899,0.6
23,,2,8.684744820609215,2.2339158058166504,2.2567592,-1.0,-1.0000305,0.17873126,0.9244316,0.6
23,,3,38.78878576567202,0.42199835181236267,2.2013378,-1.0,-1.0000305,0.0126622245,0.95455486,0.6
23,,4,54.90183924714712,1.615099549293518,1.8863118,-0.0,-1.0000305,0.11284083,0.88290316,0.6
23,,5,62.593336348555624,0.93174147605896,1.9323946,-0.0,-1.0000305,0.11318231,0.92904663,0.6
23,,6,85.69913864326696,0.6561061143875122,1.7467386,-0.0,-1.0000305,0.11085066,0.74318707,0.6
23,,7,95.65256019059676,1.12242591381073,1.9222629,-0.0,-1.0000305,0.27727592,0.90212953,0.6
23,1.0,8,295.8289871328555,0.778999388217926,1.8214887,-1.0,-1.0000305,-0.011583049,0.52995425,0.6
24,,1,2.357040736555464,5.024552822113037,1.924171,-0.0,-1.0000305,-0.36825165,0.8885734,0.6
24,,2,4.956677865652983,0.34890875220298767,1.8373306,-0.0,-1.0000305,0.12528354,0.83302367,0.6
24,,3,7.848301830765218,4.256501197814941,1.9184934,-0.0,-1.0000305,0.2641188,0.90019536,0.6
24,,4,31.272690148888955,0.6368678212165833,2.2787302,-0.9998169,-1.0000305,0.10307683,0.9940198,0.6
24,,5,48.98453276891847,0.4616111218929291,0.9690938,-0.0,0.0,0.18198752,0.9518526,0.6
24,,6,81.57104960582618,1.0774340629577637,2.047632,-0.6897183,-0.94137394,0.2791388,0.86254215,0.6
24,,7,94.95357416367168,1.024035930633545,1.6711917,-0.0,-1.0000305,0.6644516,0.5333925,0.6
24,,8,97.73468279477295,0.8395031094551086,2.0811772,-0.9243751,-1.0000305,0.20404169,0.7486758,0.6
24,1.0,9,297.860199118841,0.5423470735549927,1.5689833,-0.73162025,-1.0000305,-0.0831581,0.4286771,0.6
25,,1,2.9674428948288267,1.3755310773849487,2.0358698,-0.0,-1.0000305,-0.7390852,0.89694566,0.6
25,,2,5.992765283826828,1.3266406059265137,1.8989265,-0.0,-0.9452803,-0.28574535,0.93202406,0.6
25,,3,8.771228806913072,0.7370238304138184,1.857591,-0.0,-1.0000305,0.096428216,0.855056,0.6
25,,4,40.122368935452755,1.0999730825424194,2.0286858,-0.32386243,-1.0000305,0.46871462,0.8674242,0.6
25,,5,56.4529583001911,0.8758304119110107,2.6557705,-1.0,-1.0000305,0.7795807,0.9713165,0.6
25,,6,78.8018560716842,0.9017481207847595,1.9250065,-0.0,-1.0000305,0.2316379,0.9109885,0.6
25,,7,86.30719382877798,1.677064061164856,1.9121076,-0.8720664,-1.0000305,0.6883324,0.105098814,0.6
25,,8,94.10386269175504,0.8311264514923096,1.9534572,-0.61809134,-1.0000305,0.04397252,0.83781236,0.6
25,,9,98.51859329335718,0.8197307586669922,1.1879977,-0.0,-1.0000305,-0.09125764,0.18445696,0.6
25,1.0,10,298.68154028777246,1.3013607263565063,1.3689286,-0.0,-1.0000305,-0.2204667,0.35102817,0.6
26,,1,2.620715324767999,2.347398042678833,2.017127,-0.0,-1.0000305,-0.6719092,0.9019,0.6
26,,2,5.272090098136573,3.1112213134765625,1.9274876,-0.61241496,-1.0000305,-0.28977937,0.9002628,0.6
26,,3,7.969759600773855,2.3148107528686523,1.9145479,-0.0,-1.0000305,0.06547787,0.91339743,0.6
26,,4,30.888531768258577,1.5869678258895874,2.0727031,-0.2769555,-1.0000305,0.4180436,0.9526789,0.6
26,,5,47.19207371850926,1.3128389120101929,2.3548853,-0.9551073,-1.0000305,0.33919472,0.9672688,0.6
26,,6,72.58041195682057,0.5966689586639404,1.8709214,-0.48216194,-1.0000305,-0.25510198,0.8570615,0.6
26,,7,77.228709802787,0.9999016523361206,1.8743864,-0.0,-1.0000305,-0.09555437,0.8719186,0.6
26,,8,79.59040107902332,1.304267406463623,1.8358006,-0.0,-1.0000305,-0.056772154,0.8348921,0.6
26,,9,79.88478536185754,0.3616317808628082,1.2248812,-0.0,-1.0000305,-0.071998164,0.22273289,0.6
26,,10,80.13502741931133,1.5778290033340454,1.184675,-0.0,-1.0000305,-0.2046868,0.16682766,0.6
26,,11,80.31175791133678,2.3972339630126953,1.1831344,-0.0,-1.0000305,0.04229719,0.18234767,0.6
26,,12,80.56057760713936,2.6090309619903564,1.337826,-0.0,-1.0000305,-0.21365044,0.32062525,0.6
26,,13,80.66553203226896,2.5235071182250977,1.1062483,-0.0,-1.0000305,-0.002568351,0.10621482,0.6
26,,14,80.39546001432412,0.8553421497344971,1.0041561,-0.0,-1.0000305,-0.1408852,-0.0058068223,0.6
26,,15,80.17619329971168,1.5655970573425293,0.77829987,-0.0,-1.0000305,0.2606753,-0.26668268,0.6
26,,16,79.91696332429025,1.9742984771728516,0.92251635,-0.0,-1.0000305,0.014769204,-0.07763246,0.6
26,,17,80.0493561600515,1.072161078453064,1.5737897,0.12292856,-1.0000305,-0.46576163,0.45950976,0.6
26,,18,79.18426198157661,1.4956402778625488,1.1617028,-0.0,-1.0000305,-0.29163334,0.124470845,0.6
26,,19,80.2776682778284,0.9916449785232544,0.8285836,0.83553576,0.368511,0.6537642,-0.43988854,0.6
26,,20,80.56482821775307,0.4389152526855469,1.2184777,-0.0,-1.0000305,-0.09310931,0.21488455,0.6
26,,21,80.21074192293803,0.8742163181304932,1.3212624,-0.0,-1.0000305,-0.19768633,0.30635935,0.6
26,,22,80.25073565115605,0.8324004411697388,0.67153317,-0.0,-1.0000305,0.06859454,-0.33200994,0.6
26,,23,79.7279401784919,0.9632538557052612,1.1518536,-0.0,-1.0000305,-0.23332718,0.12794328,0.6
26,,24,78.34038612888055,0.9406382441520691,1.3688164,-0.0,-1.0000305,-0.48303363,0.28072584,0.6
26,,25,76.56232080113517,0.9828994274139404,1.2876321,-0.0,-1.0000305,-0.6865078,0.08932866,0.6
26,,26,76.34102347808108,0.3054261803627014,1.423873,-0.0,-1.0000305,-0.8824334,0.11743328,0.6
26,,27,78.9532579177326,0.756370484828949,1.1487098,-0.0,-1.0000305,1.1443781,-1.0996945,0.6
26,,28,78.76273390533528,1.2726829051971436,1.2858427,-0.76976836,-1.0000305,-0.20927401,0.15722364,0.6
26,,29,78.4697145743157,0.6715067028999329,1.1556454,-0.0,-1.0000305,-0.19499409,0.13904521,0.6
26,,30,78.67377356722638,1.9526416063308716,1.0159944,0.47956786,-1.0000305,0.12050256,-0.04960069,0.6
26,,31,79.78628866026096,2.927027702331543,1.0776606,0.11648915,-1.0000305,0.50406396,0.0055230577,0.6
26,,32,79.69178839796795,0.6991356611251831,0.9841608,0.57942444,-1.0000305,0.10886791,-0.13565268,0.6
26,,33,79.90448014547053,0.7739179134368896,1.1869357,-0.0,-1.0000305,-0.1383611,0.17881323,0.6
26,,34,79.47954517386788,2.7217211723327637,1.3599073,-0.0,-1.0000305,-0.34990886,0.3140895,0.6
26,,35,78.88409930614793,0.5597941875457764,1.0820332,-0.5128941,-1.0000305,-0.19384536,0.033895828,0.6
26,,36,79.58780079863185,0.43081870675086975,0.4630578,0.9935301,-1.0000305,0.7355306,-0.6155064,0.6
26,,37,79.91598997378571,1.567810297012329,1.2181075,-0.0,-1.0000305,-0.10132094,0.21385573,0.6
26,,38,79.90127938532616,0.6633149981498718,1.8266559,1.0000305,-1.0000305,-0.27281865,0.3101322,0.6
26,,39,80.07012298897851,1.9662753343582153,0.83560956,-0.0,-1.0000305,0.18373075,-0.18487017,0.6
26,,40,80.20484884467324,0.9422698616981506,0.8986364,0.1314127,-1.0000305,0.29043177,-0.115575746,0.6
26,,41,80.65427542813167,1.167299747467041,1.3099028,-0.0,-1.0000305,-0.12035091,0.30433172,0.6
26,,42,80.58860773523416,0.4753478765487671,1.0535905,0.34864345,-1.0000305,-0.04156199,-0.021361664,0.6
26,,43,80.56197114666912,1.2528609037399292,0.9121419,0.22013001,-1.0000305,0.17819022,-0.088853285,0.6
26,,44,80.59874127240329,0.48336470127105713,1.1565031,0.13687551,-1.0000305,-0.19764075,0.10703698,0.6
26,,45,80.3649748975471,1.8347489833831787,1.3368233,-1.0,-1.0000305,-0.023129983,-0.08743982,0.6
26,,46,80.20199103157708,1.935529112815857,1.3596245,-1.0,-1.0000305,-0.08161652,0.002541554,0.6
26,,47,80.37144150409821,0.8138212561607361,1.0882188,-0.0,-1.0000305,0.013506338,0.088104516,0.6
26,,48,85.81294552004468,2.5491647720336914,1.9484422,-0.91653186,-1.0000305,0.557562,0.27412587,0.6
26,,49,86.32571704504544,0.9072855710983276,2.497996,-0.9998779,-1.0000305,1.0798968,0.38363168,0.6
26,,50,86.56277056669967,0.3831559121608734,1.9275649,-0.0,-1.0000305,1.0022652,0.6464719,0.6
26,,51,86.54411774316216,1.1737987995147705,1.5105513,-0.14868619,-1.0000305,0.41438487,0.40165278,0.6
26,,52,85.70531090011299,0.5149222612380981,1.7467867,-0.0,-1.0000305,0.70825756,0.5967272,0.6
26,,53,85.17325063910472,2.1019906997680664,1.6800802,-0.0,-1.0000305,0.45471722,0.61734444,0.6
26,,54,85.13479338419491,2.031885862350464,1.3945692,-0.0,-1.0000305,-0.008858226,0.39451045,0.6
26,,55,85.56003033528188,3.1284878253936768,1.4066932,-0.0,-1.0000305,-0.36462915,0.35858327,0.6
26,,56,85.42764754085788,0.7657058238983154,1.5092659,-0.0,-1.0000305,0.14425914,0.50232524,0.6
26,,57,85.3378681212393,0.36089497804641724,1.4315509,-0.0,-1.0000305,0.06598082,0.42999896,0.6
26,,58,85.13988576771347,0.47056543827056885,1.6708955,-0.0,-1.0000305,0.4452623,0.6104455,0.6
26,,59,85.43382381095515,1.7168049812316895,1.409077,-0.0,-1.0000305,-0.2664886,0.38361752,0.6
26,,60,85.94047885569029,2.3984181880950928,1.3755741,-0.0,-1.0000305,-0.40730157,0.31386045,0.6
26,,61,85.67278096631885,3.257889747619629,1.5310901,-0.0,-1.0000305,0.26554623,0.50785613,0.6
26,,62,85.97697243204813,2.3110315799713135,1.3841268,-0.0,-1.0000305,-0.28019547,0.35543895,0.6
26,,63,85.81848430138385,1.275603175163269,1.4882406,-0.0,-1.0000305,0.15864693,0.47972998,0.6
26,,64,85.67521237644988,1.8472003936767578,1.4587058,-0.0,-1.0000305,0.10943308,0.45456466,0.6
26,,65,85.17109223631913,0.5744963884353638,1.9018598,-0.0,-1.0000305,0.7450022,0.7498387,0.6
26,,66,85.546561519279,0.9836375117301941,1.3454251,-0.0,-1.0000305,-0.35983303,0.29638338,0.6
26,,67,85.53569251471848,1.9802368879318237,1.3877573,-0.0,-1.0000305,0.037594996,0.38721755,0.6
26,,68,85.52874052291561,0.24342745542526245,1.3575288,-0.0,-1.0000305,0.004785277,0.3574898,0.6
26,,69,85.39924494656114,0.4918338358402252,1.4445573,-0.0,-1.0000305,0.109704,0.44035515,0.6
26,,70,85.61211348769592,1.191837191581726,1.3419087,-0.0,-1.0000305,-0.19071175,0.32825714,0.6
26,,71,85.165421106814,0.9736232757568359,1.9171671,-0.0,-1.0000305,0.7877766,0.74780744,0.6
26,,72,85.33118423631886,0.6260846257209778,1.2059909,-0.0,-1.0000305,-0.17764142,0.19280541,0.6
26,,73,85.4038278968775,0.7458289265632629,1.4161111,-0.0,-1.0000305,-0.0489625,0.4152339,0.6
26,,74,85.14597043841759,2.240266799926758,1.7696211,-0.0,-1.0000305,0.61264867,0.66015637,0.6
26,,75,85.45028512447017,0.9985047578811646,1.2283177,-0.15225685,-1.0000305,-0.28006974,0.22161937,0.6
26,,76,85.35749490207401,2.362149238586426,1.600905,-0.69142735,-1.0000305,0.102149345,0.39034092,0.6
26,,77,85.16963090471741,2.98348331451416,1.4812113,-0.0,-1.0000305,0.1536961,0.47318518,0.6
26,,78,85.50305027445205,1.4089939594268799,1.3202896,-0.0,-1.0000305,-0.29871777,0.28602237,0.6
26,,79,85.92342578747531,0.3016274571418762,1.417042,-0.0,-1.0000305,-0.33144367,0.3777043,0.6
26,,80,85.4792585718187,2.019942283630371,1.6202914,-0.0,-1.0000305,0.41000578,0.5675279,0.6
26,,81,85.6152549598875,2.3465957641601562,1.213909,-0.0,-1.0000305,-0.15108089,0.20444009,0.6
26,,82,85.16565572531263,1.325585126876831,1.892234,-0.0,-1.0000305,0.74753046,0.7382869,0.6
26,,83,85.32254918954068,0.7707498669624329,1.4601103,-0.0,-1.0000305,-0.17022893,0.45012257,0.6
26,,84,85.1386028059591,0.6290072798728943,2.0141647,-0.0,-1.0000305,0.8530034,0.8245912,0.6
26,,85,85.12170769701673,1.388085126876831,1.6627704,-0.0,-1.0000305,0.345882,0.6263677,0.6
26,,86,85.58653791824098,2.545663356781006,1.2277805,-0.0,-1.0000305,-0.39676097,0.16187547,0.6
26,,87,85.7948385020412,1.4466819763183594,1.4230663,-0.0,-1.0000305,-0.1422739,0.41590586,0.6
26,,88,85.33595181138696,2.785529613494873,1.6395522,-0.0,-1.0000305,0.40686774,0.5882359,0.6
26,,89,85.1393568658909,4.391223430633545,1.6519326,-0.0,-1.0000305,0.46548554,0.5849631,0.6
26,,90,85.12185148565544,0.46295902132987976,1.4395586,-0.0,-1.0000305,0.14154159,0.4325528,0.6
26,,91,85.44753863134635,2.536153554916382,1.4082968,-0.0,-1.0000305,-0.279282,0.3802961,0.6
26,,92,85.15021026842037,1.4338068962097168,1.7505422,-0.0,-1.0000305,0.5392576,0.6653822,0.6
26,,93,85.37389853702257,1.3784393072128296,1.3817837,-0.0,-1.0000305,-0.21498644,0.36492628,0.6
26,,94,85.83817203331786,0.8585928082466125,1.2700506,-0.8206732,-1.0000305,-0.3762517,0.18972504,0.6
26,,95,85.86553116831905,1.9800963401794434,1.3584073,-0.17871639,-1.0000305,0.010759348,0.34509742,0.6
26,,96,85.18960482148775,0.9613518118858337,1.4794625,-0.0,-0.6735435,0.6037395,0.67712593,0.6
26,,97,85.43645501637505,1.9107279777526855,1.4084965,-0.0,-1.0000305,-0.26546633,0.3832229,0.6
26,,98,85.41713841573208,0.2988027036190033,0.6721862,-0.2612995,-0.104617454,0.035576686,0.49845698,0.6
26,,99,85.21984159840652,1.455766201019287,1.0446421,-0.40128788,-0.45066682,0.16714123,0.42578366,0.6
26,,100,85.55084455286122,3.0777242183685303,1.3771738,-0.0,-1.0000305,-0.29690903,0.3447567,0.6
27,,1,2.7192540378884016,1.59257173538208,1.3605683,0.39976195,-0.47804195,0.018383048,0.82798105,0.6
27,,2,5.99094919969451,1.9084213972091675,1.8868325,-0.0,-1.0000305,0.21455625,0.8745634,0.6
27,,3,13.000513713141528,1.8733948469161987,1.9942561,-0.0,-1.0000305,0.23950583,0.9797913,0.6
27,,4,46.6711962888067,1.0311837196350098,1.9225935,-0.0,-1.0000305,0.08084295,0.92086256,0.6
27,,5,63.6742372246237,2.580716133117676,1.9753759,-0.0,-1.0000305,0.36622503,0.9411004,0.6
27,,6,73.28129615969326,1.247682809829712,1.8866947,-0.0,-1.0000305,0.366357,0.8507528,0.6
27,,7,100.61833323866293,1.0563830137252808,1.7020134,-0.0,-1.0000305,-0.18491769,0.69190776,0.6
27,1.0,8,302.3441394650947,0.7229689955711365,1.8714048,-0.0,-1.0000305,0.17390558,0.86327654,0.6
28,,1,2.8476847958713036,1.371143102645874,1.9325935,-0.0,-1.0000305,-0.25053614,0.91625476,0.6
28,,2,6.087111330921582,2.0525612831115723,1.8861151,-0.0,-1.0000305,0.23148331,0.87182564,0.6
28,,3,12.47743105984903,0.25494110584259033,1.9460607,-0.0,-1.0000305,0.19193709,0.9365418,0.6
28,,4,48.37456258597023,1.0840784311294556,1.9684632,-0.0,-1.0000305,0.12539582,0.9644347,0.6
28,,5,66.90492457956165,0.6878429055213928,1.9597757,-0.0,-1.0000305,0.6487736,0.8492433,0.6
28,,6,73.93533409833947,2.146275758743286,1.9546901,-0.0,-1.0000305,0.14532895,0.94924957,0.6
28,,7,86.94425319725919,3.1784274578094482,1.8771155,0.97454756,-1.0000305,-0.2763285,0.39956635,0.6
28,,8,91.85565097276243,0.8473529815673828,1.8342667,1.0000305,-1.0000305,-0.011208421,0.5303061,0.6
28,,9,92.4191735393369,2.1438815593719482,1.3246841,0.7660146,-1.0000305,-0.08134766,0.018186253,0.6
28,,10,92.14524886325053,0.7689476013183594,1.5685204,1.0000305,-1.0000305,-0.33505344,-0.17674008,0.6
28,,11,104.36805876723025,1.0845608711242676,1.5421472,0.32303843,-1.0000305,0.19469786,0.536767,0.6
28,1.0,12,305.2326435000848,1.0887047052383423,1.4849639,-0.0,-1.0000305,0.18596928,0.47324252,0.6
29,,1,2.9015004014670542,1.529270052909851,2.0794694,-0.0,-1.0000305,-0.5743927,0.9985355,0.6
29,,2,5.621540404703429,3.795769691467285,1.8970326,-0.0,-1.0000305,-0.19037476,0.88742554,0.6
29,,3,8.254495983433364,0.9119517207145691,1.8555126,-0.0,-1.0000305,0.10057408,0.8527544,0.6
29,,4,39.73883134268174,2.0365490913391113,2.4312005,-1.0,-1.0000305,0.40418008,0.98466456,0.6
29,,5,56.8501171801101,0.5093796253204346,1.9655043,-0.0,-1.0000305,0.44419092,0.91462386,0.6
29,,6,63.75133353591338,1.4141441583633423,1.6369594,-0.3324381,-1.0000305,0.27682662,0.5193221,0.6
29,,7,87.27620404988126,1.5229032039642334,1.7053088,-0.0,-1.0000305,0.43008363,0.6501531,0.6
29,,8,90.59237421688884,1.1909284591674805,1.3985714,-0.0,-1.0000305,0.5379833,0.29092875,0.6
29,,9,91.5679075267513,2.9100029468536377,1.7223154,-0.6424146,-1.0000305,0.44580957,0.33493716,0.6
29,,10,97.17901234161963,0.9164500832557678,1.2955533,-0.46977141,-1.0000305,-0.29619753,0.2838427,0.6
29,1.0,11,297.0116473834007,0.49705594778060913,1.4135836,-0.5833613,-1.0000305,-0.31692752,0.38821727,0.6
30,,1,3.2492486225606756,4.871888160705566,1.9132086,-0.0,-1.0000305,0.644358,0.8014051,0.6
30,,2,6.9396832963553985,2.192122459411621,2.1270826,1.0000305,-1.0000305,0.19580016,0.9691558,0.6
30,,3,22.385574644505432,1.5152512788772583,1.9965875,0.28800318,-1.0000305,-0.00074677914,0.97556686,0.6
30,,4,42.78766743891682,0.6363189220428467,1.9033297,-0.0,-1.0000305,0.093130745,0.9010193,0.6
30,,5,48.87800400619538,0.8356605172157288,1.3370639,0.39713737,-1.0000305,0.015466256,0.28140122,0.6
30,,6,60.3810689741302,0.39429473876953125,1.7879515,-0.5223853,-1.0000305,0.20563938,0.63298845,0.6
30,,7,69.40246497218877,0.21072420477867126,1.7946043,-0.0,-1.0000305,0.050549984,0.79386157,0.6
30,,8,68.33656083622591,2.2197771072387695,0.44027916,-0.0,-1.0000305,0.2871567,-0.66628397,0.6
30,,9,69.41974880662393,0.6711360812187195,1.2433617,-0.0,-1.0000305,0.5852974,0.09695417,0.6
30,,10,79.6334905163949,0.629279613494873,1.8587301,-0.0,-1.0000305,-0.49101123,0.7926729,0.6
30,,11,104.41203941063617,1.0017964839935303,1.7136384,-0.0,-1.0000305,-0.42287394,0.6606122,0.6
30,1.0,12,305.9416151581639,0.7800924777984619,1.8476768,-0.51008636,-1.0000305,-0.012948412,0.77950966,0.6
31,,1,2.6001274867853232,2.46762752532959,2.0304544,-0.0,-1.0000305,-0.7143035,0.9006313,0.6
31,,2,5.068359631023374,3.6899991035461426,2.1393468,0.71730703,-1.0000305,-0.35323372,0.85219723,0.6
31,,3,7.490986810255924,0.6849943399429321,1.8374348,-0.0,-1.0000305,0.054008756,0.8366103,0.6
31,,4,18.043103423093328,0.6962148547172546,1.8576064,0.25641653,-1.0000305,0.37927827,0.8535085,0.6
31,,5,48.335314128779544,1.2240768671035767,2.0152597,-0.0,-1.0000305,0.2272402,1.0023764,0.6
31,,6,63.72702400905869,1.5054500102996826,1.9120952,-0.0,-1.0000305,-0.032000065,0.9117969,0.6
31,,7,65.41818562346279,0.9108411073684692,1.7735857,-0.0,-1.0000305,-0.15348713,0.7669013,0.6
31,,8,64.98407939713707,1.0587081909179688,0.67517877,-0.0,-1.0000305,0.6708435,-1.0764203,0.6
31,,9,67.47613321821431,0.7707617878913879,1.0708573,-0.0,-1.0000305,1.0376561,-1.2646158,0.6
31,,10,67.90109164916645,1.1798551082611084,0.82072055,-0.0,-1.0000305,0.8115238,-0.8775097,0.6
31,,11,84.10804534051162,0.9675111770629883,1.9158643,-0.0,-1.0000305,-0.0067261774,0.915822,0.6
31,,12,89.65991753669744,0.9269816875457764,1.0859904,-0.0,-1.0000305,0.85826725,-0.3346341,0.6
31,,13,93.22881990633739,1.4789375066757202,1.8396655,-0.0,-1.0000305,-0.25089052,0.8224467,0.6
31,,14,95.03604274011307,1.6780774593353271,1.131569,-0.0,-1.0000305,0.18667299,0.11603469,0.6
31,,15,131.43489079919485,0.4097778797149658,2.3229344,-0.0,-1.0000305,-1.1485265,1.0191057,0.6
31,,16,140.58526919532974,1.9797022342681885,2.2847524,-0.0,-1.0000305,-1.0588727,1.0245391,0.6
31,,17,142.02505194320366,0.5114140510559082,1.6126894,-0.0,-1.0000305,-0.38343033,0.5664139,0.6
31,,18,143.09737911367668,0.6160270571708679,1.4629704,-0.0,-1.0000305,-0.3313884,0.424913,0.6
31,0.0,19,143.45544481749727,0.5132367610931396,1.2416767,-0.0,-1.0000305,-0.27881068,0.20993873,0.6
32,,1,4.510199089080685,1.029193639755249,1.8959023,-0.0,-1.0000305,-0.13262545,0.89122725,0.6
32,,2,15.328527586260407,2.2285046577453613,1.9851341,-0.0,-1.0000305,0.30448893,0.9616126,0.6
32,,3,40.7683656622885,0.6166031360626221,1.9364417,-0.0,-1.0000305,0.06096566,0.9354512,0.6
32,,4,56.15284894344725,1.75200355052948,1.9914746,-0.22217475,-1.0000305,0.33333904,0.9123961,0.6
32,,5,66.44797557340337,1.4790797233581543,1.9357275,-0.0,-1.0000305,0.13200939,0.93119055,0.6
32,,6,89.27680605755273,0.9852228164672852,2.0563302,-1.0,-1.0000305,-0.032111622,0.8142699,0.6
32,,7,101.27234650495814,0.5734279155731201,1.9239283,-0.0,-1.0000305,0.32542756,0.8961754,0.6
32,,8,105.48630401613597,0.5489054918289185,1.5713365,-0.44151127,-1.0000305,0.0056711603,0.5063314,0.6
32,,9,106.3785524422962,0.9388306736946106,1.04566,-0.0,-1.0000305,-0.10222039,0.040621094,0.6
32,1.0,10,306.60441998423846,0.8172471523284912,1.2435576,-0.0,-1.0000305,0.037203025,0.24297047,0.6
33,,1,3.689796711203286,0.7497047781944275,1.9133823,-0.0,-1.0000305,0.5108805,0.84388727,0.6
33,,2,7.730604284871188,3.307284116744995,1.9447391,-0.0,-1.0000305,0.2105288,0.93327945,0.6
33,,3,33.467197457644446,2.4424874782562256,2.1916764,1.0000305,-1.0000305,0.056433864,0.97811794,0.6
33,,4,47.79240518874316,1.1401402950286865,1.9284272,-0.0,-1.0000305,0.2042278,0.91755205,0.6
33,,5,66.76394775241408,0.6461588740348816,1.9521863,-0.0,-1.0000305,-0.055767972,0.951359,0.6
33,,6,76.38514613401665,2.3921074867248535,1.9709712,1.0000305,-1.0000305,0.17904873,0.7918168,0.6
33,,7,96.88061785082418,1.1440539360046387,1.618746,-0.0,-1.0000305,-0.123995945,0.6139595,0.6
33,,8,103.96037565364469,0.8476206064224243,1.7212214,-0.0,-0.94137394,-0.102960005,0.7767653,0.6
33,1.0,9,304.2446226522227,0.8407093286514282,1.1481508,0.64372694,-0.7927793,0.08776256,0.21178705,0.6
34,,1,5.715590853610417,0.28511568903923035,1.9280424,-0.0,-1.0000305,0.16412205,0.9210138,0.6
34,,2,24.40991724526173,0.8630871176719666,1.9666263,-0.0,-1.0000305,0.073581494,0.9652187,0.6
34,,3,35.72092373678855,0.8799914717674255,2.1281228,-0.7556078,-1.0000305,0.14359517,0.928788,0.6
34,,4,59.1307612279748,0.8298882246017456,1.864671,0.77733696,-0.81624806,0.04369808,0.89803666,0.6
34,,5,72.6941502899295,0.9954726099967957,1.6691921,-0.0,-0.80257577,0.12923676,0.8616057,0.6
34,,6,83.18448394691725,1.1857728958129883,1.913499,1.0000305,-0.80257577,0.19045481,0.9312252,0.6
34,,7,97.94954075338256,2.752934455871582,1.4509952,-0.0,-0.8084353,0.07920655,0.6403965,0.6
34,,8,106.55125661655799,0.7276328802108765,1.6454219,0.77517015,-0.81624806,0.16993602,0.7138188,0.6
34,1.0,9,305.9751431082518,1.3605780601501465,1.3741789,-0.0,-1.0000305,-0.115528084,0.36928344,0.6
35,,1,5.045745096148978,2.1552581787109375,1.9183285,-0.0,-1.0000305,0.71323264,0.78077924,0.6
35,,2,17.034079425781474,2.739914655685425,1.9646876,-0.0,-1.0000305,0.08862567,0.96265715,0.6
35,,3,40.18170961833867,1.069576382637024,1.9584018,-0.0,-1.0000305,-0.021789182,0.9582501,0.6
35,,4,53.92303775593963,0.7844577431678772,1.9642359,-0.0,-1.0000305,0.018366834,0.9641194,0.6
35,,5,70.98921163052472,0.994769811630249,1.9777514,-0.0,-1.0000305,-0.09989138,0.97519666,0.6
35,,6,83.65578898942118,0.6209763884544373,1.8819548,-0.13794367,-1.0000305,0.20114534,0.85112387,0.6
35,,7,96.63850921484271,0.8446216583251953,1.7966131,0.90099794,-1.0000305,0.10374155,0.61000085,0.6
35,,8,100.41266785634869,0.5081605911254883,1.536805,-0.43519396,-1.0000305,0.23854266,0.3812185,0.6
35,,9,102.09772527197552,0.7634040117263794,1.1014471,-0.0,-1.0000305,-0.061217416,0.09971399,0.6
35,,10,104.46700188498147,0.5334845185279846,1.6987611,-1.0,-1.0000305,0.1812472,0.22080712,0.6
35,1.0,11,303.36512886361857,0.3731957972049713,1.5382379,-0.0,-1.0000305,-0.2943903,0.50977415,0.6
36,,1,13.102065918775532,0.7894008159637451,1.99078,-0.0,-1.0000305,0.25381705,0.97450274,0.6
36,,2,26.75873506886225,0.5612691044807434,1.9010648,1.0000305,-1.0000305,0.36301583,0.791131,0.6
36,,3,36.91962606188827,1.8740185499191284,1.0599556,-0.0,-0.22779016,-0.012379279,0.83209306,0.6
36,,4,47.22591178991007,2.1657650470733643,1.5918064,-0.0,-1.0000305,0.57176626,0.48554385,0.6
36,,5,62.176990718743866,1.0396273136138916,1.9524844,-0.0,-1.0000305,-0.14216295,0.94727147,0.6
36,,6,74.76234629302185,0.5700490474700928,0.2686474,-0.0,1.0,-0.25146878,0.90547556,0.6
36,,7,87.46272384430912,0.937510073184967,1.8720981,-0.0,-1.0000305,0.11620964,0.8684572,0.6
36,,8,96.76121378312867,1.49544358253479,1.6297115,0.45060578,-1.0000305,-0.12243736,0.5256106,0.6
36,,9,102.56121869171417,0.5175512433052063,1.5842841,0.64711446,-1.0000305,0.02773238,0.45816094,0.6
36,1.0,10,305.90825238953346,1.7100601196289062,1.3970258,-0.0,-1.0000305,0.014994175,0.39691487,0.6
37,,1,2.1117124606497,1.652079701423645,2.1050584,0.704825,-1.0000305,-0.2601149,0.8708414,0.6
37,,2,4.492886562862482,3.133111000061035,1.8251184,0.29572436,-1.0000305,0.18428315,0.8216824,0.6
37,,3,7.088065999836067,0.2489437758922577,1.8986098,-0.0,-1.0000305,0.27890986,0.8779813,0.6
37,,4,13.126181298705244,0.702317476272583,1.9590343,-0.3706168,-1.0000305,0.20452863,0.8726743,0.6
37,,5,54.30537490258851,2.5847489833831787,1.9333944,-0.0,-1.0000305,0.057610918,0.93250537,0.6
37,,6,73.79616010061325,1.3785269260406494,2.0851212,-0.64278084,-1.0000305,0.09973493,0.9484051,0.6
37,,7,82.23892182934893,1.4233978986740112,1.8541669,1.0000305,-1.0000305,0.3669018,0.7426923,0.6
37,,8,94.704769120148,1.2262383699417114,1.4652722,-0.0,-1.0000305,0.06998271,0.4635695,0.6
37,,9,101.71202358537293,0.6731566190719604,0.75029194,-0.0,-0.4232917,0.01634302,0.32682225,0.6
37,1.0,10,301.82349860298774,0.9784083962440491,1.0883533,-0.0,-1.0000305,-0.022040753,0.08809955,0.6
38,,1,2.6613084572515326,4.315715312957764,2.0406291,-0.0,-1.0000305,-0.70858335,0.9136247,0.6
38,,2,5.231154758135349,0.46796873211860657,2.1298578,0.7200232,-1.0000305,-0.29451188,0.8726715,0.6
38,,3,7.939072003844084,1.2106114625930786,1.9126151,-0.0,-1.0000305,0.13256694,0.9079847,0.6
38,,4,24.441166442512156,1.7635610103607178,1.9740733,-0.0,-1.0000305,0.4047517,0.9321034,0.6
38,,5,55.45556642220071,0.4219154417514801,1.99612,-0.0,-1.0000305,-0.16284783,0.9894357,0.6
38,,6,67.45183376525928,0.9024485349655151,1.989587,-0.84093755,-1.0000305,-0.22429499,0.8915847,0.6
38,,7,71.16236931016014,1.725708246231079,2.0202992,-0.7635731,-1.0000305,0.04111707,0.8530972,0.6
38,,8,74.56005575503389,1.9512863159179688,1.5505762,-0.0,-1.0000305,0.05080141,0.54971325,0.6
38,0.0,9,74.96974796517343,1.88958740234375,1.2762487,-0.0,-1.0000305,-0.13341166,0.26922593,0.6
39,,1,3.0288823510034675,1.2877707481384277,2.0038333,-0.0,-1.0000305,-0.79903615,0.83760077,0.6
39,,2,5.965862618215384,1.8134970664978027,1.9231902,-0.0,-1.0000305,-0.41781777,0.87722516,0.6
39,,3,8.997486893993724,1.1477980613708496,1.9441744,-0.35453352,-1.0000305,0.2040986,0.86215746,0.6
39,,4,45.91045743902313,0.7738445401191711,2.4162915,-0.89324623,-1.0000305,0.5115689,0.9659193,0.6
39,,5,66.69392469423147,1.7537046670913696,2.0852702,-0.0,-1.0000305,0.839948,0.90859187,0.6
39,,6,72.73915702093679,3.398026466369629,1.9528865,-0.0,-1.0000305,0.6015806,0.8578894,0.6
39,,7,94.89248926984632,0.6877557635307312,1.7087189,0.3798944,-1.0000305,-0.03740422,0.6569492,0.6
39,,8,105.27329906440308,0.6781678795814514,1.8369995,-0.0,-1.0000305,0.07198989,0.8355579,0.6
39,1.0,9,305.3209881189252,0.11020609736442566,1.4321352,-0.0,-1.0000305,0.0023588128,0.43210283,0.6
40,,1,2.990802131291605,0.42909374833106995,1.8730643,-0.0,-1.0000305,0.46424347,0.81459,0.6
40,,2,6.545520956744323,2.8284285068511963,1.9827561,-0.0,-1.0000305,0.19519018,0.9730946,0.6
40,,3,17.229690988113635,0.39935916662216187,1.9807302,-0.0,-1.0000305,0.19837952,0.97074026,0.6
40,,4,50.596617288624344,0.3662900924682617,1.9692465,-0.0,-1.0000305,-0.07508744,0.96778387,0.6
40,,5,69.35422105980932,0.20046111941337585,1.8993685,-0.0,-1.0000305,0.26069206,0.8813626,0.6
40,,6,74.9788285814696,1.2622634172439575,1.9126558,0.18625446,-1.0000305,-0.032802295,0.9000397,0.6
40,,7,97.61563382477485,0.9007819294929504,1.6135888,-0.0,-1.0000305,-0.08237534,0.6114542,0.6
40,,8,103.91268677552388,1.4276199340820312,1.8632243,0.80700094,-1.0000305,0.03284349,0.69475114,0.6
40,1.0,9,304.33266666695073,1.2403830289840698,1.5778817,1.0000305,-1.0000305,0.037543993,0.2503016,0.6
41,,1,5.595354443885628,4.149014949798584,2.158478,1.0000305,-1.0000305,-0.82665485,0.1498596,0.6
41,,2,6.105801339718648,0.5015734434127808,1.3077679,-0.0,-1.0000305,-0.5431143,0.18962651,0.6
41,,3,17.97702512058435,2.6141443252563477,2.6926928,-1.0,-1.0000305,0.8107569,0.99289536,0.6
41,,4,25.51441067051907,0.9900364279747009,1.490009,-0.0,-1.0000305,1.0710618,0.035803948,0.6
41,,5,28.332514014591403,0.5755327343940735,1.0836256,-0.0,-1.0000305,0.77843374,-0.24618351,0.6
41,,6,32.97697470809368,0.3109074532985687,1.5764967,-0.0,-1.0000305,0.39937174,0.5250413,0.6
41,,7,38.6066016501273,1.6690548658370972,1.5792689,0.38111514,-1.0000305,-0.25992918,0.44328249,0.6
41,,8,39.223773176943276,1.8905397653579712,1.0324702,-0.0,-1.0000305,-0.12668295,0.024638321,0.6
41,,9,46.353723389600844,0.4868170917034149,1.8976411,1.0000305,-1.0000305,-0.16958849,0.4943032,0.6
41,,10,54.022263044227046,2.469550132751465,1.5725641,-0.0,-1.0000305,0.12969382,0.5671764,0.6
41,,11,53.32556557614321,1.4801713228225708,1.0570266,1.0000305,-1.0000305,0.23845221,-0.2670205,0.6
41,,12,66.08874421284658,0.5699495673179626,1.9371881,0.23712882,-1.0000305,-0.07077296,0.91253173,0.6
41,,13,76.74819017766146,0.7320619821548462,1.8863806,-0.0,-1.0000305,-0.06212826,0.8853266,0.6
41,,14,74.46595214008552,0.620711088180542,0.6651254,-0.0,-1.0000305,-0.14946783,-0.35191694,0.6
41,,15,82.0099950017868,1.8161487579345703,1.7331338,-0.0,-1.0000305,0.22065403,0.7189996,0.6
41,,16,80.24533202356388,1.0851396322250366,0.68238777,-0.0,-1.0000305,0.109129354,-0.32642546,0.6
41,,17,90.28472605333641,0.7317596077919006,1.8433741,-0.0,-1.0000305,-0.19763364,0.8327185,0.6
41,,18,93.22506366667598,1.4842078685760498,1.1800445,-0.0,-1.0000305,0.14281228,0.17134032,0.6
41,,19,99.22898883350362,1.25600004196167,1.4094038,-0.0,-1.0000305,-0.15696089,0.40060586,0.6
41,,20,106.06453531935537,0.6902923583984375,1.2123686,1.0000305,1.0,-0.0797779,0.44877276,0.6
41,1.0,21,307.2364098448933,3.334268569946289,1.0704154,1.0000305,0.55619985,-0.06466313,0.4456716,0.6
42,,1,2.6978021371476517,1.0555298328399658,1.6366284,1.0000305,0.9706717,-0.6346018,0.8898652,0.6
42,,2,5.297469874630746,0.26505523920059204,2.2435942,1.0000305,-1.0000305,-0.2744259,0.846446,0.6
42,,3,8.215767042451391,2.7753210067749023,2.246681,-1.0,-1.0000305,0.16270386,0.92238855,0.6
42,,4,36.37527672987484,0.23099200427532196,2.1818273,-0.38413647,-1.0000305,0.5913696,0.9515736,0.6
42,,5,49.955473543839524,0.9742656350135803,1.7457088,-0.0,-1.0000305,0.26483124,0.7254734,0.6
42,,6,69.12310420800077,1.68012273311615,1.8044194,-0.0,-1.0000305,0.26003584,0.7855536,0.6
42,,7,85.90294861166447,0.451727032661438,1.9351815,1.0000305,-1.0000305,0.35018393,0.8227769,0.6
42,,8,98.7372007071827,0.9932230710983276,1.6507213,-0.26871547,-1.0000305,0.21815209,0.57725847,0.6
42,,9,104.93314264418251,1.754260778427124,1.4302874,-0.20944853,-1.0000305,0.07734335,0.40120912,0.6
42,1.0,10,305.00540129788044,1.6233367919921875,1.0187184,-0.0,-1.0000305,0.031052101,0.018214483,0.6
43,,1,2.6570561824063916,0.4184965193271637,1.9273595,-0.0,-1.0000305,-0.24914868,0.91115737,0.6
43,,2,5.338246552904228,2.0859475135803223,1.827153,-0.0,-1.0000305,-0.01835217,0.8270303,0.6
43,,3,8.461077507985063,1.811432957649231,1.9377779,-0.0,-1.0000305,0.2906321,0.9158286,0.6
43,,4,38.50315269352665,0.21771031618118286,1.9595249,-0.0,-1.0000305,0.026066124,0.959321,0.6
43,,5,54.25806674446719,1.953614354133606,1.9228047,-0.0,-1.0000305,0.253414,0.9060018,0.6
43,,6,74.13654951121555,1.6228452920913696,1.8968523,-0.0,-1.0000305,0.121563606,0.8929224,0.6
43,,7,84.74640457234013,1.023229718208313,1.7293291,-0.0,-1.0000305,0.13250883,0.72421443,0.6
43,,8,91.24003321406636,0.4965425729751587,1.2539642,-0.0,-1.0000305,-0.02830345,0.25361416,0.6
43,,9,94.92131020611912,0.7148807048797607,1.3184847,-0.0,-1.0000305,0.11445919,0.3134766,0.6
43,,10,93.80118892168862,0.8530441522598267,0.5451951,-0.0,-1.0000305,-0.27864972,-0.53142405,0.6
43,,11,96.14744597241312,1.1173421144485474,1.5086524,-0.0,-1.0000305,0.07449011,0.50678176,0.6
43,1.0,12,296.2877720709173,1.0175933837890625,1.3849562,-0.0,-1.0000305,0.25429973,0.36137897,0.6
44,,1,3.5701163569112864,3.659388303756714,2.4323347,0.95254374,-1.0000305,-0.6076666,0.86598,0.6
44,,2,7.383732437296507,1.044761300086975,1.9143785,-0.0,-1.0000305,-0.081612654,0.91260755,0.6
44,,3,30.547474169981925,1.9711960554122925,2.0985901,-0.3463851,-1.0000305,0.22637658,1.0188863,0.6
44,,4,44.2152910128953,0.2519073784351349,2.0314932,-0.0,-1.0000305,0.55783665,0.95337254,0.6
44,,5,68.96885224714028,0.917860746383667,1.88801,-0.0,-1.0000305,-0.095264375,0.88557446,0.6
44,,6,81.45728232939256,1.0991483926773071,1.8214558,-0.0,-1.0000305,0.008415859,0.82140595,0.6
44,,7,88.65440394698084,0.8796471357345581,1.8500704,-0.12344737,-1.0000305,0.08472613,0.8382906,0.6
44,,8,88.47881195457293,0.7534525394439697,1.0049027,0.33475754,-1.0000305,-0.17860937,-0.1361533,0.6
44,,9,93.88936112268723,1.5701327323913574,1.3705317,-0.0,-1.0000305,0.3241567,0.3316149,0.6
44,,10,104.48357785561875,3.9143757820129395,2.0071099,-1.0,-1.0000305,0.3428387,0.49170488,0.6
44,,11,105.05843778384951,0.6708055138587952,1.0433336,-0.0,-1.0000305,0.16063625,0.030862775,0.6
44,,12,105.73337749412957,2.5312118530273438,1.5150589,0.80596334,-1.0000305,-0.07434598,0.23303838,0.6
44,,13,105.67157844029643,0.42874816060066223,0.9569118,-0.0,-1.0000305,0.0002731653,-0.043118693,0.6
44,,14,105.09471495395057,0.8759502172470093,1.4406835,1.0000305,-1.0000305,0.3085581,0.2638662,0.6
44,,15,104.22777077412633,0.7580505013465881,1.6373119,1.0000305,-1.0000305,-0.60708374,-0.68702245,0.6
44,,16,105.86351207362551,1.3647408485412598,1.6588802,-0.0,-1.0000305,0.31664693,0.62834865,0.6
44,,17,106.10745148003136,1.388841152191162,1.277169,0.40006715,-1.0000305,-0.10284013,0.17395619,0.6
44,,18,106.26317298455832,2.500271797180176,1.1153302,0.42661825,-1.0000305,0.073497556,0.05792378,0.6
44,,19,105.99924421896601,1.6221413612365723,0.94894594,-0.0,-1.0000305,0.0441618,-0.05211272,0.6
44,,20,106.15107812538126,0.8241601586341858,1.0840868,-0.0,-1.0000305,0.023466956,0.08380228,0.6
44,,21,105.36492778351108,1.5085386037826538,1.0050043,-1.0,-1.0000305,-0.252204,-0.32858822,0.6
44,,22,106.3668589624408,0.540017306804657,1.442357,-0.0,-1.0000305,0.25116628,0.42028946,0.6
44,,23,105.71877585013974,1.5008430480957031,0.8809348,-0.0,-1.0000305,0.115014255,-0.12663607,0.6
44,,24,103.31082775814224,0.5211836099624634,0.58990884,-0.0,-1.0000305,-0.5432199,-0.77002066,0.6
44,,25,104.76870804086946,1.8217209577560425,1.4481916,-0.0,-1.0000305,0.20823252,0.4331123,0.6
44,,26,105.94735408857645,0.7871081829071045,1.2688686,-0.0,-1.0000305,0.057064675,0.26755422,0.6
44,,27,106.10611362484869,0.8052529692649841,1.0718529,-0.0,-1.0000305,0.028232072,0.07145053,0.6
44,,28,106.22782932164557,1.3863978385925293,1.2670507,-0.48173466,-1.0000305,0.091159396,0.13010673,0.6
44,,29,106.5326527251308,2.059821128845215,1.1801727,-0.0,-1.0000305,0.08615404,0.17699325,0.6
44,,30,106.97226005523497,0.6145322322845459,1.9513409,-0.0,-1.0000305,0.7400189,0.80554503,0.6
44,,31,105.5091975959203,0.4456958770751953,1.8276492,-0.0,-1.0000305,0.7997462,0.64335245,0.6
44,,32,105.10356244276002,3.1106655597686768,1.2049092,-0.0,-1.0000305,0.2603659,0.17641146,0.6
44,,33,104.26322579484336,2.676771402359009,1.8157233,1.0000305,-1.0000305,1.0235521,0.8155403,0.6
44,,34,104.18696464899652,0.6975758671760559,2.2502465,-0.4728843,-1.0000305,0.9422641,0.7495306,0.6
44,,35,104.18084440276233,1.231231927871704,1.055184,-0.0,-1.0000305,0.15399775,0.043855518,0.6
44,,36,104.18035309818454,0.5413788557052612,2.2121897,-0.93313396,-1.0000305,0.6364298,0.5588966,0.6
44,,37,105.67767505389251,1.5465906858444214,1.6481261,-0.9998779,-1.0000305,-0.80831826,0.63692534,0.6
44,,38,105.03196162000816,0.7482551336288452,0.74389005,-0.0,1.0,0.41376233,0.3817985,0.6
44,,39,104.25656987624102,2.706662654876709,2.1723697,-0.0,-1.0000305,1.0935502,0.8770254,0.6
44,,40,105.24157583969766,2.732447624206543,0.70191944,-0.0,0.42716756,-0.5754325,0.025211882,0.6
44,,41,106.05944825898804,4.405817031860352,1.1655036,-0.0,-1.0000305,-1.104346,-0.627447,0.6
44,,42,106.71427973035377,1.0663713216781616,1.2273784,0.62477493,0.74779505,-0.26553774,-0.097072415,0.6
44,,43,107.26351045221853,1.793694019317627,0.85520416,0.1019013,-0.80648214,-0.07598671,0.030016545,0.6
44,,44,107.49394152317878,1.579935073852539,1.2107143,1.0000305,1.0,0.081928,0.21074907,0.6
44,,45,106.3663848204955,2.405176877975464,1.7055156,0.48084962,-0.72631,0.9366229,0.9171784,0.6
44,,46,104.97307692008837,0.6234222054481506,1.2118324,0.6269112,-0.47804195,0.6620371,0.7332813,0.6
44,,47,104.21852491091197,2.025179862976074,1.4819038,-0.0,-1.0000305,0.41145864,0.42360598,0.6
44,,48,104.15127450979428,0.9678309559822083,1.977257,-0.0,-1.0000305,0.9305424,0.7445715,0.6
44,,49,105.7353404075242,0.7297387719154358,1.1052588,-0.31449324,-1.0000305,-0.94232225,-0.09039983,0.6
44,,50,105.70551167281626,3.137521743774414,1.1801454,-0.0,-1.0000305,0.1925772,0.16429634,0.6
44,,51,104.35199908901029,0.6900652050971985,0.47921553,1.0000305,1.0,0.71375877,0.6156876,0.6
44,,52,104.87678718633005,1.6695514917373657,1.354039,-0.0,-1.0000305,-0.34997666,0.30799764,0.6
44,,53,106.04701838045759,0.9181142449378967,1.5108194,-0.3658559,-1.0000305,-0.57484686,0.49626428,0.6
44,,54,104.75855945306073,0.7896358966827393,1.656761,0.1683401,-1.0000305,0.72096163,0.56184864,0.6
44,,55,104.19919037663566,1.045717716217041,0.26281545,0.9998169,1.0,0.9159315,0.7509313,0.6
44,,56,104.14972140368171,0.7150257229804993,1.0904534,-0.0,-1.0000305,0.12810162,0.08287239,0.6
44,,57,104.14577400398808,3.341928482055664,1.4096903,-0.0,-1.0000305,0.39944267,0.3518838,0.6
44,,58,104.14546571623107,0.7000027894973755,1.8614409,0.98028505,-1.0000305,1.1625854,0.8524621,0.6
44,,59,104.14541008193261,0.2113012969493866,1.8738478,-0.0,-1.0000305,0.8550543,0.667359,0.6
44,,60,104.14541460221099,4.889817237854004,1.3139637,-0.0,-1.0000305,0.33446822,0.27065095,0.6
44,,61,104.14541415043593,0.8411415815353394,1.8052496,-0.0,-1.0000305,0.69644535,0.66546935,0.6
44,,62,106.01129543639748,0.709877610206604,2.1080048,-0.0,-1.0000305,-0.97348076,0.86973405,0.6
44,,63,104.31809022440476,0.6369672417640686,2.6012666,-0.0,-1.0000305,1.5230725,1.1087221,0.6
44,,64,104.15929693312546,0.8362853527069092,1.8516889,-0.0,-1.0000305,0.794869,0.67237335,0.6
44,,65,104.1465169791324,0.7081279754638672,2.1245804,-0.0,-1.0000305,1.0264267,0.8601548,0.6
44,,66,104.14551727177313,0.8709695935249329,0.24967529,0.59996337,0.2707602,0.37603337,0.3811826,0.6
44,,67,104.14542615005622,2.7943215370178223,0.23714055,0.1872921,0.37437055,0.1779863,0.13741265,0.6
44,,68,104.14541681908625,0.8053187727928162,0.9334566,0.14877774,-0.3294473,0.58369166,0.49650127,0.6
44,,69,104.95175036347463,0.8852699995040894,1.3225569,0.8883938,0.11825922,-0.4341362,0.12667058,0.6
44,,70,105.02585859043164,1.9451814889907837,0.85030174,0.7003388,0.49363688,-0.0012635909,0.013254546,0.6
44,,71,106.02165011388259,0.6084229946136475,2.025444,0.63451034,0.8905301,-0.9452021,-0.3771183,0.6
44,,72,105.16358829092916,0.9885899424552917,1.7257009,-0.7950377,1.0,0.9235954,0.8439764,0.6
44,,73,104.23632231900353,0.6017815470695496,2.198272,-1.0,1.0,1.1972619,0.9333674,0.6
44,,74,104.15273791583866,0.8349556922912598,1.2463434,-0.7929014,0.6715598,0.41655034,0.37056375,0.6
44,,75,104.48559520311453,1.2168347835540771,0.31448904,-0.0,0.0,-0.30215353,-0.087215796,0.6
44,,76,104.1760668006892,0.6346743106842041,1.7619153,-0.94485307,-0.21018097,0.613873,0.6112316,0.6
44,,77,104.14788314324863,0.8882310390472412,2.1728723,-1.0,1.0,1.1720948,0.9418818,0.6
44,,78,104.14561806976394,0.603407084941864,2.004637,-1.0,-0.44676045,0.7019113,0.61251676,0.6
44,,79,104.8583663566183,1.5478198528289795,0.6284647,-1.0,-0.24536882,-0.4127879,-0.021427229,0.6
44,,80,105.32915276677339,1.0941777229309082,0.5783105,-0.8777428,0.0,-0.30434382,-0.075210124,0.6
44,,81,104.25255187831128,1.5913100242614746,1.8045537,-1.0,1.0,0.7863579,0.7443828,0.6
44,,82,104.15398613012906,1.2765451669692993,2.576947,-1.0,0.14563432,1.4119244,1.0529801,0.6
44,,83,104.14612262541131,0.6904967427253723,1.8673748,-1.0,0.35093233,0.82357043,0.75302595,0.6
44,,84,105.12059943606462,0.6375305652618408,1.0582927,-0.83294165,-0.77520066,-0.5218757,0.2363434,0.6
44,,85,104.23404080687668,2.7717154026031494,2.1295178,-0.27411726,-1.0000305,0.8950354,0.77983695,0.6
44,,86,104.15253449975529,0.3323867619037628,1.5720161,-0.0,-1.0000305,0.5318404,0.47928706,0.6
44,,87,104.14597730555545,1.2441492080688477,1.8393224,-0.0,-1.0000305,0.7437207,0.68222594,0.6
44,,88,104.49886969591384,2.4885575771331787,1.0945417,-0.0,-1.0000305,-0.19363469,0.07724716,0.6
44,,89,104.17729632927102,2.1133029460906982,1.4506865,-0.15601063,-0.39201024,0.78817904,0.7093513,0.6
44,,90,104.14798364957304,1.115492343902588,1.7721156,-0.0,-1.0000305,0.72615176,0.6164772,0.6
44,,91,105.39100472214717,1.792625904083252,1.332355,-0.0,-1.0000305,-0.6605491,0.15705407,0.6
44,,92,105.3062548876104,2.86838960647583,1.4120177,1.0000305,-1.0000305,0.09984103,0.087835625,0.6
44,,93,104.25014168727436,1.2805837392807007,1.8222152,1.0000305,-1.0000305,0.97162443,0.82196337,0.6
44,,94,104.15381812962931,0.6796170473098755,2.145985,0.2021546,-1.0000305,1.1434586,0.92849153,0.6
44,,95,104.14609795197283,2.02475905418396,1.7442183,0.10013123,-1.0000305,0.72101253,0.62994003,0.6
44,,96,104.19618677400254,4.5035223960876465,1.0043119,-0.0,-1.0000305,-0.028139498,0.0038870089,0.6
44,,97,104.68598138819058,0.41359326243400574,1.2906241,0.53227335,-1.0000305,-0.38839528,-0.0955527,0.6
44,,98,104.19417023953075,0.6810401082038879,0.82349133,0.61836606,-0.3137913,0.4958248,0.5005315,0.6
44,,99,104.1493235190007,0.7415670156478882,1.2789162,0.86407053,-0.92770165,0.39179316,0.26081878,0.6
44,,100,104.1457475378413,2.711310386657715,1.370864,0.8378857,-1.0000305,0.19070812,0.20845178,0.6
45,,1,13.407964140135519,2.0013158321380615,2.0103464,-0.0,-1.0000305,0.1562172,1.004237,0.6
45,,2,28.71660932354571,1.9082387685775757,1.9093668,-0.0,-1.0000305,0.17587332,0.9012191,0.6
45,,3,41.170564809234136,1.0292792320251465,2.222712,1.0000305,-1.0000305,0.047371835,1.0081753,0.6
45,,4,55.237432763632064,0.5831010341644287,1.9174883,-0.0,-1.0000305,0.37532222,0.880367,0.6
45,,5,70.94883786592814,0.6302785277366638,1.8882964,-0.0,-1.0000305,0.18061726,0.879608,0.6
45,,6,80.54040696570615,0.8008131384849548,1.5681105,-0.0,-1.0000305,-0.019870631,0.567954,0.6
45,,7,90.67331224615273,0.8059445023536682,1.7454138,-0.0,-1.0000305,0.05210026,0.7446056,0.6
45,,8,102.32857738932401,1.0780714750289917,1.7107764,-0.0,-1.0000305,0.104965076,0.70752287,0.6
45,1.0,9,302.743689873211,2.3142194747924805,1.2785814,-0.0,-1.0000305,0.0020510422,0.27854925,0.6
46,,1,3.0132664475117696,2.05727219581604,1.9785334,-1.0,-1.0000305,-0.6022196,0.9381039,0.6
46,,2,5.971462652941865,2.256380319595337,1.9268217,-0.0,-1.0000305,-0.27165267,0.9075456,0.6
46,,3,10.43048642070642,0.805769681930542,1.9253248,0.38352612,-1.0000305,0.27585122,0.9222811,0.6
46,,4,49.26272962760204,0.2923661470413208,2.0344017,-0.0,-1.0000305,0.4392922,0.9863764,0.6
46,,5,69.95432640531138,0.48981773853302,2.0137227,-0.0,-1.0000305,0.5384604,0.94036627,0.6
46,,6,75.06830962123036,0.5602772235870361,1.8132974,0.8547319,-1.0000305,0.49821544,0.77787364,0.6
46,,7,79.89928424841987,1.0831704139709473,1.1700855,-0.0,-1.0000305,0.043404765,0.16924974,0.6
46,,8,98.53520800198866,1.4655401706695557,1.6210433,-0.0,-1.0000305,0.018903283,0.62090266,0.6
46,,9,101.73243658337886,1.5401549339294434,1.2757267,-0.0,-1.0000305,0.48841715,0.17849706,0.6
46,1.0,10,302.89878386936704,0.21972832083702087,1.4719992,-0.0,-1.0000305,-0.24100934,0.45210457,0.6
47,,1,2.964195313774892,0.31895625591278076,1.898684,-0.0,-1.0000305,0.3163751,0.87210935,0.6
47,,2,6.323690447536691,0.5946083068847656,1.9439677,-0.0,-1.0000305,0.23369406,0.92983925,0.6
47,,3,14.278627382866855,1.2119953632354736,1.9525614,-0.0,-1.0000305,0.19271792,0.9429969,0.6
47,,4,47.67765670577697,0.7780031561851501,1.8750476,-0.0,-1.0000305,-0.006918379,0.87500435,0.6
47,,5,64.71090776164195,0.8236487507820129,1.9750471,-0.0,-1.0000305,0.14046617,0.9700153,0.6
47,,6,76.59931964594769,2.17909836769104,1.9405143,-0.0,-1.0000305,0.12070092,0.93672633,0.6
47,,7,95.2812171148673,2.02357816696167,1.9067842,-0.98675495,-1.0000305,-0.06345716,0.6683061,0.6
47,,8,103.65009163311204,0.6779265999794006,1.6568267,-0.2727439,-1.0000305,-0.04869503,0.6415774,0.6
47,1.0,9,303.91121370616514,0.8913238048553467,1.2391067,-0.16565447,-1.0000305,0.053494703,0.2195428,0.6
48,,1,4.427072978333016,0.7818188071250916,1.448851,-0.0,-1.0000305,-0.880342,0.15069416,0.6
48,,2,19.00846997230667,1.6392616033554077,1.981908,-0.0,-1.0000305,0.15723956,0.97563004,0.6
48,,3,31.277706578443222,0.6015523672103882,2.03875,-0.44575334,-1.0000305,0.12278333,0.95784277,0.6
48,,4,50.514094476843496,0.9796665906906128,1.977954,-0.0,-1.0000305,0.14208822,0.9728134,0.6
48,,5,64.42824333317586,0.9549527764320374,1.9782822,-0.31931517,-1.0000305,0.27891275,0.8856323,0.6
48,,6,74.81911477924608,0.982488214969635,1.8523595,-0.0,-1.0000305,0.13546151,0.8473693,0.6
48,,7,85.38533462828123,0.9420225620269775,1.8164806,-0.0,-1.0000305,0.20611526,0.8047183,0.6
48,,8,99.68933775345809,2.1407744884490967,2.1594806,-1.0,-1.0000305,0.34242573,0.6914924,0.6
48,1.0,9,303.20490657346477,1.307372808456421,1.8973202,-0.17929624,-1.0000305,0.44950837,0.7900613,0.6
49,,1,4.0673395064048234,0.4940382242202759,1.4950894,-0.0,-1.0000305,-0.9954514,0.115482345,0.6
49,,2,14.74803791069742,1.3239318132400513,1.9909376,0.38859218,-1.0000305,-0.095746204,0.9310958,0.6
49,,3,35.47012358107764,1.4714064598083496,1.992074,0.15332499,-1.0000305,0.14603005,0.99203014,0.6
49,,4,49.474414845553284,1.2047171592712402,1.8587537,-0.0,-1.0000305,0.20593601,0.8472798,0.6
49,,5,57.08108115263174,0.7067870497703552,1.2709597,0.97564626,-0.16132084,0.1581428,0.81183213,0.6
49,,6,69.6070877939708,0.6771368384361267,2.0497866,-0.65828425,-1.0000305,0.17003217,0.8749406,0.6
49,,7,78.10280514388617,1.0987623929977417,1.8122256,-0.22714926,-1.0000305,-0.1304037,0.8096108,0.6
49,,8,79.74876530581713,1.761589527130127,1.2285818,0.76976836,-1.0000305,0.107463725,0.034747552,0.6
49,,9,79.35070299814856,1.3429105281829834,0.9506758,-0.0,-1.0000305,-0.05048303,-0.05069606,0.6
49,,10,78.40003475635562,1.047593593597412,1.3835958,-0.0,-1.0000305,-0.19866896,0.3692277,0.6
49,,11,76.08574513392888,1.6220452785491943,0.5809778,-0.0,-1.0000305,0.5809295,-0.992542,0.6
49,,12,83.59497035700588,0.9871561527252197,1.939507,-0.0,-1.0000305,-0.16962397,0.93204474,0.6
49,,13,89.44017573696726,1.4294179677963257,1.5877416,-0.24350719,-1.0000305,0.009226397,0.5674673,0.6
49,,14,91.65667716664727,0.9446372985839844,1.4558076,-0.0,-1.0000305,-0.19560567,0.44257617,0.6
49,,15,92.56324090461966,0.8887462019920349,1.3919176,-0.0,-1.0000305,-0.1757573,0.38074607,0.6
49,,16,93.93622102828935,0.6387376189231873,1.1626098,-0.0,-1.0000305,0.10284091,0.15802199,0.6
49,,17,94.05417312491483,1.0318121910095215,1.1065258,-0.0,-1.0000305,-0.018130178,0.106346704,0.6
49,,18,94.10044046361959,0.7230637669563293,1.0473638,-0.0,-1.0000305,-0.0033968857,0.047327764,0.6
49,,19,94.21709678735543,0.5725877285003662,1.5050086,0.9998474,-1.0000305,-0.035410278,0.09234861,0.6
49,,20,94.52287645687929,1.3984110355377197,1.1366609,-0.0,-1.0000305,-0.11995127,0.13028352,0.6
49,,21,89.81309633921042,0.2770434617996216,0.3765302,-0.0,-1.0000305,0.27304682,-0.7407615,0.6
49,,22,93.16723868809956,0.43708086013793945,1.5425305,-0.0,-1.0000305,-0.19830585,0.5296999,0.6
49,,23,93.21021948418314,1.008965015411377,1.3031145,-0.0,-1.0000305,-0.301949,0.26761863,0.6
49,,24,89.50161669859881,0.5583645701408386,1.281854,-0.0,-1.0000305,-0.48521098,0.18644334,0.6
49,,25,88.88587970582928,1.4523072242736816,0.8651885,-0.0,-1.0000305,0.8550789,-1.1319062,0.6
49,,26,91.2203128298966,0.8059797883033752,1.6452159,1.0000305,-1.0000305,0.16886117,0.41979083,0.6
49,,27,93.57316758667655,0.7642972469329834,1.7862694,-0.0,-1.0000305,-0.39196652,0.7427032,0.6
49,,28,94.7579738294603,1.885062575340271,1.3809875,-0.798883,-1.0000305,-0.080775194,0.17956586,0.6
49,,29,93.72096183012033,1.6106208562850952,1.1024554,-0.0,-1.0000305,-0.24662925,0.07448422,0.6
49,,30,92.88786171106352,1.666576862335205,0.8843275,-0.0,-1.0000305,-0.04653963,-0.11692854,0.6
49,,31,90.51468576237941,0.5638272762298584,1.2390432,-0.15332499,0.31571397,0.70387125,-0.57896084,0.6
49,,32,94.4273070434528,0.23983325064182281,1.6512321,-0.0,-1.0000305,-0.4251583,0.59552824,0.6
49,,33,92.97597845249547,2.4405181407928467,1.4213791,-0.0,-1.0000305,-0.36570475,0.3734972,0.6
49,,34,91.96557221420547,4.213098526000977,1.2106942,0.2816553,0.85924864,-0.08279507,-0.29528868,0.6
49,,35,91.14059380610675,2.8427677154541016,0.89654917,-0.0,-1.0000305,-0.06159293,-0.105599575,0.6
49,,36,91.0164379932244,7.587274551391602,1.3978862,-0.92837304,-1.0000305,0.33396164,-0.39953336,0.6
49,,37,90.1287338110766,0.8167861104011536,0.84769696,-0.0,-1.0000305,0.21383922,-0.17974827,0.6
49,,38,92.02728308099861,0.48925384879112244,1.6094072,-1.0,-1.0000305,-0.02802521,0.28272292,0.6
49,,39,92.46144715986735,2.263321876525879,1.4502897,-1.0,-1.0000305,0.021212151,0.029758865,0.6
49,,40,93.58522504804644,0.6639646887779236,1.3110725,-0.2511063,-1.0000305,-0.21695153,0.31059688,0.6
49,,41,91.35900044218496,1.5803672075271606,1.3802807,-1.0,-1.0000305,-0.37986022,0.23309623,0.6
49,,42,88.07183809345658,2.5262625217437744,2.6451879,-0.0,-1.0000305,1.852929,0.88773876,0.6
49,,43,91.16288936833354,1.4056353569030762,0.8736331,-0.0,-1.0000305,-0.53512263,-0.3094666,0.6
49,,44,95.16389791380921,1.5896449089050293,1.9217104,1.0000305,-1.0000305,-0.8211633,-0.3866596,0.6
49,0.0,45,94.70660336069922,0.49343571066856384,0.5696827,-0.0,-1.0000305,-0.060521368,-0.43357167,0.6
50,,1,3.540501556979338,2.4766812324523926,1.8524141,-0.0,-1.0000305,0.17128503,0.8444476,0.6
50,,2,7.747841276846345,0.5319627523422241,1.6682935,-1.0,-0.30402538,0.114229426,0.9376251,0.6
50,,3,32.59792119595743,2.424410581588745,1.6113275,-0.65810114,-0.45652637,0.09397078,0.9685225,0.6
50,,4,45.955343528860126,0.868436336517334,2.3010688,-1.0,-1.0000305,0.329542,0.87806314,0.6
50,,5,57.838612626256506,1.0051993131637573,1.8992693,0.69374675,-1.0000305,0.013920009,0.77340114,0.6
50,,6,84.66974068689112,0.6122750043869019,1.9823776,0.8034608,-1.0000305,0.015613839,0.8190678,0.6
50,,7,97.96956972647239,0.9896918535232544,1.8820262,-0.90285957,-0.41547897,0.43658575,0.9066061,0.6
50,1.0,8,299.4048905421568,0.6174576282501221,1.1098251,-0.7017121,-0.5347148,-0.31870705,0.50692767,0.6
